ResponseId,Gender,Occupation,BirthYear,Country,IPAddress
R_22VxhfIpgEa8e7i,Female,Student,1989,Germany ,78.50.210.184
R_2YmiWAwcFvbs1td,Female,Student,1989,Germany ,37.5.142.5
R_3vXfeo3xOPD7kq1,Female,Unemployed,1992,Colombia ,201.184.34.220
R_xc0cHNw2M2mKrC1,Male,Employee,1981,Colombia ,191.95.252.90
R_W26sayZ2kwvt5C1,Female,Employee,1979,France ,83.200.35.104
R_3spibPR0ex6HBFa,Male,Unemployed,1982,Colombia ,201.216.29.234
R_D0sIz5S1KfFMorT,Male,Employee,1980,Colombia ,190.252.60.2
R_1QFNkj638374BeF,Female,Employee,1981,United Kingdom ,188.29.164.201
R_yQKuBjsfrVYEI01,Female,Employee,1980,Germany ,93.206.71.5
R_27k8Tutkj8X9ToF,Female,Employee,1989,South Africa ,41.13.4.125
R_VOIlFlVQ4wHzMgp,Female,Employee,1965,Germany ,80.171.91.40
R_1JDzU29bYx2WgaB,Female,Employee,1984,Colombia ,181.134.21.0
R_1lzy946diicGqu0,Female,Employee,1981,Germany ,89.204.153.208
R_2P6jLyHpi2aUjOC,Male,Self-employed,1981,Australia ,123.243.65.23
R_31KPiWwSKRIyVQX,Male,Self-employed,1981,Colombia ,186.31.54.172
R_sT2LilogGXWdBGV,Female,Student,1990,Germany ,77.186.77.104
R_2y9NL5LcWYS7HCm,Female,Student,1994,Germany ,78.50.212.52
R_1Cxb1GurjQbNv04,Female,Employee,1979,Colombia ,152.201.55.198
R_1jp0idxUIDYIrgN,Male,Employee,1980,United States ,98.26.119.102
R_3KpSfvb5FzX9I49,Female,Employee,1981,Colombia ,191.79.203.132
R_RIbKXWNlodA57hv,Male,Self-employed,1981,Colombia ,186.115.175.236
R_12amojjokEacMsR,Female,Student,1991,Germany ,87.181.210.186
R_11hFeuzgCkSjFXt,Male,Employee,1984,Germany ,93.211.102.47
R_2AWJXuOtlerLqJZ,Male,Employee,1980,Colombia ,190.25.122.143
R_3PweScf5nDtM3J0,Male,Student,1982,Germany ,78.53.232.90
R_wRentFZTCuWcjv3,Male,Employee,1978,Colombia ,177.252.132.107
R_wKIuypmwNNT5hnj,Male,Employee,1984,Canada ,65.94.30.234
R_12ycwmTMZaMeM7j,Male,Self-employed,1981,United States ,76.26.37.204
R_1Ne5LxBBrAcxahS,Male,Self-employed,1982,Colombia ,179.18.33.179
R_3Mms5KamVIkF3FO,Female,Employee,1981,United States ,192.86.100.77
R_SOwkQ0eINno5wtj,Male,Student,1982,Germany ,46.59.162.215
R_2TSubi9QIFN7vR3,Male,Employee,1988,Germany ,78.54.3.144
R_27IOKYLA0BUhLft,Female,Employee,1988,Mexico ,189.203.218.89
R_Wpv6XKJD4EVyZKV,Male,Employee,1986,Argentina ,181.44.114.179
R_byDori5L4kxam9L,Male,Employee,1982,Argentina ,181.109.41.154
R_2rYNPkc28opgwqF,Male,Employee,1981,Colombia ,37.135.199.182
R_3lMJNMruh1T7b11,Female,Employee,1981,United States ,209.36.33.4
R_2R21LKG5D0IqEt6,Male,Employee,1979,Colombia ,181.249.106.215
R_2fkbjs92yHXPO4d,Male,Employee,1956,Colombia ,186.88.246.13
R_2b2kuxkNaiRKmlN,Female,other,1963,Colombia ,201.184.34.220
R_ToYed0dAUAV0Dvz,Male,Employee,1979,Colombia ,186.28.52.175
R_3nknRfK49lnntXF,Male,Employee,1980,Germany ,136.172.124.95
R_2rjYMiyP5EteAtt,Male,Employee,1972,Colombia ,190.27.183.233
R_3gSYPVEcsTJZuOL,Female,Student,1990,Germany ,93.235.6.115
R_3QRz5AVwprtT6Ib,Male,Employee,1980,Argentina ,190.60.241.236
R_28YwACKrXd1KDwT,Female,Employee,1982,Germany ,94.135.214.160
R_2Wv8EWbsBGIwWDR,Female,Self-employed,1983,Colombia ,152.201.199.21
R_2rSgUkMsQxO7mbG,Female,Retired,1944,Germany ,84.143.147.84
R_cOPv4l2Ftvt0tSp,Female,Employee,1982,Australia ,220.240.121.102
R_DjHAfA12v9teRuV,Male,Employee,1985,Lebanon ,128.127.23.197
R_2QWBldoRNuDgyun,Male,Employee,1969,Germany ,185.44.151.132
R_2eWQFLZQ1stQ2CQ,Male,Self-employed,1979,Colombia ,186.85.224.95
R_3LgPz14BggOOtzw,Female,Self-employed,1979,Argentina ,181.168.52.19
R_1hEDom0gp6mweQI,Female,Employee,1982,Colombia ,63.240.132.85
R_3D85tEnjR2XZw2k,Male,Employee,1986,Peru ,190.235.232.147
R_1jdKhjUNnAzfBc0,Male,Employee,1956,Colombia ,201.184.34.220
R_UEi0KRMS9vaw4OB,Female,Employee,1983,Germany ,136.172.191.158
R_6X07Tup85Fpt6XD,Female,Employee,1980,Germany ,141.4.222.132
R_1JQlyJng89yxX2p,Male,Employee,1977,Colombia ,181.247.148.153
R_cSxp9EKsvZvLUsh,Female,Employee,1986,Ecuador ,181.198.109.115
R_3IPL459nN8xnxRM,Male,Student,1988,Germany ,89.182.20.63
R_1K3I2rH0VQBoC1W,Female,Employee,1988,Argentina ,181.167.75.235
R_2Sp2RCXAV1iYEBv,Male,Self-employed,1975,Argentina ,181.229.50.52
R_d54oQY9B6ECQ2eB,Male,Student,1980,Colombia ,181.49.78.78
R_2X54UdeFRhREzM8,Female,other,1985,Germany ,93.211.102.47
R_tJLZxfaRHx2E7Sx,Female,Employee,1988,Germany ,46.128.41.218
R_241Un0XoywWMazm,Female,Student,1997,Colombia ,201.184.34.220
R_1GHcvkT4KNI0F0V,Female,Student,1997,Colombia ,181.142.230.21
R_1FmjjYkSISkp3dj,Female,Employee,1986,Germany ,93.232.171.130
R_2tDaZpeQeWJLINW,Female,Employee,1976,Germany ,136.172.132.61
R_2BbQNoPxIbNvZZj,Male,Employee,1982,Colombia ,201.234.245.238
R_wY386nKIRM7rqRX,Male,Employee,1976,Colombia ,191.151.40.76
R_1GUhrQbmRVdi16B,Female,Self-employed,1986,Colombia ,186.30.77.99
R_1eM0G66q7xI41B5,Male,Student,1988,Germany ,136.172.124.43
R_2TLQpV9N9TV4VIo,Male,Unemployed,1979,Germany ,85.176.145.243
R_27Kxx83nAdPCeqc,Male,Employee,1967,Germany ,136.172.132.22
R_Dw7k0VrjMkbxObT,Female,other,1982,United States ,73.77.144.227
R_3jezvCod5jP0NEq,Male,Employee,1980,Colombia ,181.137.108.74
R_24oBXfhmTmhoPXa,Male,Employee,1982,Germany ,89.204.154.177
R_DGMZFgTL4529T33,Male,Self-employed,1980,Colombia ,181.59.253.199
R_33CFtAzoM94AFr0,Male,Self-employed,1981,Colombia ,181.49.71.157
R_2dJZdAfAbURY3nL,Female,Student,1988,Germany ,91.45.206.111
R_2flBdoXbTno2vEO,Female,Employee,1981,United States ,172.56.12.114
R_3fCMFn7unTX2jYR,Male,Student,1981,Chile ,200.83.87.73
R_6QIU9HvfHUgUaYx,Female,Self-employed,1981,Colombia ,200.89.239.205
R_2pSIH3WHEElSe5J,Female,Employee,1981,Colombia ,181.129.84.15
R_1mwTSkiFZesfkey,Female,Employee,1981,Colombia ,181.61.198.55
R_SDa0RVA6UpWDjYR,Male,Employee,1980,Colombia ,190.9.203.212
R_BMmQemIGltxnvR7,Female,Employee,1979,United States ,209.36.33.4
R_2BbmXi6fwVyvH4I,Male,Unemployed,1981,Colombia ,181.63.8.5
R_1l4Y3hRmBjQx99n,Female,Employee,1988,Colombia ,190.156.128.62
R_2aR1lGizeheEv8O,Female,Employee,1986,Colombia ,181.253.234.39
R_1HhKhrWR6GMFvyE,Female,Student,1992,Russian Federation ,88.152.161.1
R_1GUfTITDbZcIrzL,Female,Student,1995,Germany ,94.218.197.9
R_2wvh2ispH97rL4d,Female,Employee,1981,Argentina ,108.132.234.17
R_BVUuO2UmDMHBnYB,Male,Student,1986,Germany ,46.59.164.23
R_3is5W5UncmipWFv,Male,Employee,1980,Mexico ,189.202.38.109
R_3QDfrWa6C4sQOAi,Female,Student,1988,Germany ,85.183.206.138
R_sXB6mZr4moAJFOV,Male,Employee,1980,Germany ,217.91.13.143
R_reUalyMsAtv54l3,Female,Student,1990,Moldova ,85.183.206.146
R_1dhqm2iKVVq8675,Female,Employee,1981,Colombia ,152.201.141.173
R_AtdEU8ZOwLLO0fL,Female,Employee,1981,Colombia ,191.95.242.176
R_C2iMcX13dRWk0Ol,Female,Self-employed,1982,Colombia ,89.219.45.45
R_QgE2hgd6MSargBj,Male,Self-employed,1980,Colombia ,191.155.90.249
R_OEjEclP5akwCUcV,Female,Employee,1979,Germany ,92.209.78.110
R_3DIMb0zzXK1kwbT,Male,Self-employed,1972,Colombia ,161.18.132.60
R_1DvdW5V7qoS7rqc,Male,Employee,1981,Colombia ,186.31.51.105
R_eG2CcIjOsBIaqtT,Female,Employee,1985,Peru ,181.233.197.54
R_3jDlBqMy09LakqR,Male,Retired,1981,Colombia ,186.113.10.143
R_1l5G3KkGPPtVGYa,Female,Employee,1981,Argentina ,186.138.99.64
R_DIBZBVkP568cBzz,Male,Employee,1972,Germany ,136.172.220.48
R_1DORcq21IRXUi1P,Male,Employee,1964,Germany ,95.90.254.42
R_10AWTlmpPQRjtxQ,Male,Student,1988,Germany ,134.100.29.210
R_31gzsiWK7Tz72Pl,Female,Unemployed,1991,Germany ,95.91.203.223
R_30cc1FUCIbcuZsQ,Female,Retired,1962,Colombia ,181.55.154.170
R_10pGX8Rd3VNdfhJ,Male,Self-employed,1981,Colombia ,181.60.38.11
R_YRDrIm2zXEBrWUx,Female,Employee,1980,Colombia ,201.216.14.89
R_2fCeuJTLuOqUic3,Male,Self-employed,1979,Colombia ,179.18.32.107
R_3q7CTPQa5lG4H5Z,Male,Employee,1981,Colombia ,152.201.188.4
R_2Scvo39iO7vZlA7,Male,Employee,1956,Germany ,136.172.124.170
R_2Sf82GsX4ptdIo7,Male,Employee,1966,Germany ,136.172.120.22
R_1LwLyU48mZQBgNV,Female,Student,1994,Germany ,95.91.228.131
R_210YIigZObsvK6X,Female,Student,1990,Germany ,62.159.208.12
R_3HXg5GZIkWJYQ6x,Male,Self-employed,1981,Colombia ,152.201.22.131
R_9GmybqVz9dR3A1H,Male,Employee,1985,Germany ,213.61.159.196
R_PGLhuiwPKwGJjnX,Male,Employee,1972,Colombia ,190.127.138.19
R_31yZfEDtvN7GFpb,Male,Employee,1983,Germany ,136.172.120.19
R_3Dq3uysL4FMStyN,Female,Employee,1974,Germany ,136.172.132.61
R_1CHIBrBEbfi8djJ,Male,Employee,1980,Colombia ,152.201.166.225
R_3p4Kor42ZVpS4uR,Female,Student,1986,Germany ,195.37.234.75
R_3M3DCau3hffJFGn,Female,Student,1992,Russian Federation ,85.183.206.154
R_Azh3t5GNRJucTsd,Female,Employee,1979,Colombia ,152.201.147.112
R_UoJlYI3Jfpelwit,Female,Employee,1991,Germany ,136.172.132.37
R_2ASiJb7RC51ZxgF,Female,Employee,1981,Canada ,24.114.86.22
R_325PFSeWJSienoR,Female,Employee,1988,United States ,184.183.178.108
R_81jQo9opvocALE5,Male,Employee,1982,Colombia ,181.61.209.140
R_d53yxk1wfmsscux,Female,Employee,1981,Germany ,136.172.204.75
R_dbSvEDo8G4BIaP3,Female,Student,1991,Germany ,77.186.218.21
R_ST5E97oly302DWp,Female,Student,1980,Germany ,78.54.21.3
R_2EENNbohT7zyyLD,Female,Employee,1989,Colombia ,190.24.88.229
R_ykHY2esUOOxhA89,Female,Student,1986,Argentina ,181.169.86.215
R_3fTV2NaDgD66Ymy,Male,Employee,1991,Argentina ,186.136.121.181
R_2P1ZdCwyktWhu7F,Male,Employee,1971,Germany ,136.172.120.13
R_tRi13gcv48hKDDz,Male,Student,1986,Germany ,189.188.244.60
R_1dAgrObUx04vsBM,Male,Self-employed,1990,Peru ,201.240.55.32
R_3EzJeLV0bwFTR7B,Female,Unemployed,1972,Germany ,91.65.157.27
R_pSFSzXxn5K6KTex,Male,Employee,1981,Colombia ,181.244.122.96
R_1P4Z4n4TQc56NeE,Male,Student,1985,Germany ,134.100.1.176
R_22EsT7sqomcxwbB,Female,Employee,1991,Canada ,72.143.224.109
R_3h9DoEAtA4T5JEn,Female,other,1994,Colombia ,201.184.34.220
R_2YVsuVcmwL1VNfm,Female,Employee,1983,Germany ,194.12.218.135
R_1dKpiAWsQxnuoVk,Female,Employee,1985,Argentina ,191.70.94.32
R_21Eq8R5qZjBAo8F,Male,Self-employed,1984,United States ,75.74.154.234
R_1MStFfPNjwEUnCH,Female,Employee,1986,Germany ,217.86.206.84
R_2Sq5bH7UaRZ6Fci,Female,Student,1989,Germany ,79.202.198.103
R_2vYVnybgqS7JneX,Female,Student,1989,Germany ,85.179.56.158
R_3KNuAVzSniP1EXV,Female,Employee,1984,Denmark ,2.110.78.134
R_1jJsN9DFC9gQ4bQ,Female,Employee,1979,Colombia ,181.50.197.167
R_BX3QBVuxN3Krpex,Female,Student,1986,Germany ,80.171.69.142
R_20OHmDhdW56LjCk,Male,other,1963,Germany ,79.195.81.246
R_2780xDlyy3UX2Ch,Female,Student,1984,Germany ,136.172.124.20
R_2aF8Rd05MiYENKz,Male,Student,1989,Germany ,136.172.75.138
R_2rl7B8onk6YeTSu,Female,Employee,1979,Colombia ,190.24.97.65
R_czNidIr01KT81Mx,Female,Employee,1981,Germany ,46.59.166.150
R_2X5qxK5SVLhSDx6,Female,Employee,1985,Germany ,185.44.151.132
R_yyjrdv76rYTt8GZ,Female,Student,1986,Germany ,85.183.206.162
R_31sWyVmbkQSXRve,Female,Self-employed,1973,Colombia ,186.85.196.119
R_2ZZDcFO1ZuQi2RZ,Male,Employee,1981,Colombia ,181.248.127.64
R_3g0BELGW5ZJP1Ly,Female,Employee,1988,Germany ,136.172.131.1
R_2dxKVG2g9hLr8w6,Male,Employee,1981,United States ,69.71.201.60
R_ylGqy2BkOIL3vFf,Male,Student,1988,Germany ,85.183.206.226
R_3HHs1d5IVxV7UXF,Female,Employee,1990,Argentina ,200.49.206.193
R_2EBkIOQ4TgmwctH,Male,Self-employed,1982,Argentina ,181.46.26.157
R_1JOqVhAMQeKd2X3,Male,Employee,1981,Switzerland ,178.197.236.149
R_1OIfuFejyRZfsAB,Female,Student,1985,Germany ,95.91.227.9
R_1oAoLA0XL2Xpuxa,Female,Student,1992,Belarus ,87.147.158.104
R_2QJrw13iitqSpfe,Male,Employee,1981,Germany ,78.54.55.2
R_r6VoFJm3681kNcR,Male,Employee,1979,Colombia ,191.95.252.86
R_9zgMtcAINT5u9aB,Female,Student,1988,Germany ,136.172.133.40
R_28ZU7Pzfltw4tR7,Female,Employee,1983,Germany ,78.43.43.76
R_1DqF33MG2ndxG99,Female,Employee,1983,Germany ,82.113.99.165
R_1lnHmuPx73rTglp,Female,Student,1990,Germany ,151.40.118.224
R_2CVwcLNM24nnh0p,Female,Employee,1982,Canada ,173.231.112.190
R_2TS1YQB3y9T5vTv,Male,Employee,1981,Argentina ,190.245.4.156
R_3dLf6jOgkWl7cvE,Male,Self-employed,1981,Colombia ,179.18.36.9
R_2zongSwHD4AQFnc,Male,Unemployed,1981,Colombia ,190.216.136.150
R_3O0LO0aMSI3ZitB,Female,Employee,1981,Colombia ,181.50.168.187
R_2X6fyU3oXvDl3Sk,Female,Employee,1984,United States ,166.172.62.11
R_O25vWRnB3oFoiRz,Female,Student,1984,Germany ,136.172.124.23
R_QoflkI42TobCk7f,Female,Student,1990,Germany ,89.15.237.146
R_3scYy2H52DMPGpO,Male,Employee,1975,Germany ,2.240.248.247
R_2rOr0oOrQtu4OTW,Male,Employee,1981,Colombia ,177.252.134.140
R_2dFsKbJIzWp2Kzd,Female,Self-employed,1977,Colombia ,201.184.34.220
R_1DpqFKzNilDQ3C0,Male,Employee,1982,Colombia ,181.60.247.107
R_s6vh7SaT2hG8w6t,Male,Employee,1969,Sweden ,91.192.31.128
R_24Ah7VDjjxWzYkO,Male,Employee,1982,Germany ,78.43.43.113
R_DISNQGP5WdN8R5n,Male,Employee,1986,Argentina ,186.137.8.95
R_2vYYQo4yI0Ui8np,Female,Student,1989,Germany ,84.131.255.101
R_2EtpPCqWWHdp2IJ,Male,Employee,1981,Colombia ,190.60.240.245
R_1dceve4Igt895T7,Male,Employee,1983,Germany ,195.37.52.198
R_31SrmKFXoVEO5Qy,Female,Retired,1926,Germany ,2.240.130.97
R_beIovYaZp4ZLIgF,Female,Employee,1982,Spain ,2.155.136.31
R_DisaTwjRbVTrI3L,Female,Student,1986,Germany ,78.51.40.224
R_yjTWg0SwSwsu9fX,Male,Employee,1979,Australia ,118.210.27.84
R_puEMlIEs1bMaQsF,Male,Employee,1982,Germany ,89.204.137.242
R_37PpKjhkRy9rLAB,Male,Employee,1982,Colombia ,181.55.87.116
R_W8ObcTMGjy75HIR,Male,Student,1986,Germany ,92.78.133.213
R_1o1oJoOEGFqHd7k,Female,Student,1986,Germany ,94.135.217.179
R_1DYyYW9r7brr0L4,Male,Employee,1973,Argentina ,200.126.213.67
R_1IA9n3GU5UZjf26,Male,Unemployed,1978,Colombia ,186.80.8.230
R_2uEajAaJSwkIHH7,Male,Employee,1979,United States ,69.71.201.60
R_1qU5jheibqD1rVJ,Female,Employee,1982,United States ,162.225.19.27
R_1BWKRgrzy6WFBPA,Female,Student,1990,Germany ,77.186.85.236
R_1IZbyWNOVVZmOdp,Male,Employee,1979,Denmark ,2.131.98.240
