StartDate,EndDate,Status,IPAddress,Progress,Duration (in seconds),Finished,RecordedDate,ResponseId,RecipientLastName,RecipientFirstName,RecipientEmail,ExternalReference,LocationLatitude,LocationLongitude,DistributionChannel,UserLanguage,Q20_First Click,Q20_Last Click,Q20_Page Submit,Q20_Click Count,Q3#1_1,Q3#1_2,Q3#1_3,Q3#1_4,Q3#1_5,Q3#1_6,Q3#2_1,Q3#2_2,Q3#2_3,Q3#2_4,Q3#2_5,Q3#2_6,Q16#1_1,Q16#1_2,Q16#1_3,Q16#1_4,Q16#1_5,Q16#1_6,Q16#2_1,Q16#2_2,Q16#2_3,Q16#2_4,Q16#2_5,Q16#2_6,Q16_DO_1,Q16_DO_2,Q16_DO_3,Q16_DO_4,Q16_DO_5,Q16_DO_6,Q21_First Click,Q21_Last Click,Q21_Page Submit,Q21_Click Count,Q14#1_1,Q14#1_2,Q14#1_3,Q14#1_4,Q14#1_5,Q14#1_6,Q14#2_1,Q14#2_2,Q14#2_3,Q14#2_4,Q14#2_5,Q14#2_6,Q17#1_1,Q17#1_2,Q17#1_3,Q17#1_4,Q17#1_5,Q17#1_6,Q17#2_1,Q17#2_2,Q17#2_3,Q17#2_4,Q17#2_5,Q17#2_6,Q17_DO_1,Q17_DO_2,Q17_DO_3,Q17_DO_4,Q17_DO_5,Q17_DO_6,Q6,Q9_1,Q9_2,Q9_3,Q9_4,Q9_5,Q9_6,Q9_6_TEXT,Q10_1,Q10_2,Q10_3,Q10_4,Q10_5,Q10_6,Q10_6_TEXT,Q18,disease,unique_code,Create New Field or Choose From Dropdown...,FL_3_DO_FL_8,FL_3_DO_FL_9,FL_3_DO_FL_10,FL_13_DO_main_survey_nurse_left,FL_13_DO_main_survey_robot_left
Start Date,End Date,Response Type,IP Address,Progress,Duration (in seconds),Finished,Recorded Date,Response ID,Recipient Last Name,Recipient First Name,Recipient Email,External Data Reference,Location Latitude,Location Longitude,Distribution Channel,User Language,Timing - First Click,Timing - Last Click,Timing - Page Submit,Timing - Click Count,"Imagine either a nurse or a robot is charged with ensuring that Robert, an older patient, takes h... - Nurse - Accept Roberts's decision to not take the medication","Imagine either a nurse or a robot is charged with ensuring that Robert, an older patient, takes h... - Nurse - Notify a trusted person selected by Robert","Imagine either a nurse or a robot is charged with ensuring that Robert, an older patient, takes h... - Nurse - Notify Robert's doctor about his decision","Imagine either a nurse or a robot is charged with ensuring that Robert, an older patient, takes h... - Nurse - Repeat the request to take the medication","Imagine either a nurse or a robot is charged with ensuring that Robert, an older patient, takes h... - Nurse - Refuse to serve dinner until the medication is taken","Imagine either a nurse or a robot is charged with ensuring that Robert, an older patient, takes h... - Nurse - Not to let Robert watch TV until the medication is taken","Imagine either a nurse or a robot is charged with ensuring that Robert, an older patient, takes h... - Robot - Accept Roberts's decision to not take the medication","Imagine either a nurse or a robot is charged with ensuring that Robert, an older patient, takes h... - Robot - Notify a trusted person selected by Robert","Imagine either a nurse or a robot is charged with ensuring that Robert, an older patient, takes h... - Robot - Notify Robert's doctor about his decision","Imagine either a nurse or a robot is charged with ensuring that Robert, an older patient, takes h... - Robot - Repeat the request to take the medication","Imagine either a nurse or a robot is charged with ensuring that Robert, an older patient, takes h... - Robot - Refuse to serve dinner until the medication is taken","Imagine either a nurse or a robot is charged with ensuring that Robert, an older patient, takes h... - Robot - Not to let Robert watch TV until the medication is taken","To demonstrate you have answered the question on the previous page carefully, please rate the fol... - Nurse - Accept Roberts's decision to not take the medication","To demonstrate you have answered the question on the previous page carefully, please rate the fol... - Nurse - Notify a trusted person selected by Robert","To demonstrate you have answered the question on the previous page carefully, please rate the fol... - Nurse - Notify Robert's doctor about his decision","To demonstrate you have answered the question on the previous page carefully, please rate the fol... - Nurse - Repeat the request to take the medication","To demonstrate you have answered the question on the previous page carefully, please rate the fol... - Nurse - Refuse to serve dinner until the medication is taken","To demonstrate you have answered the question on the previous page carefully, please rate the fol... - Nurse - Not to let Robert watch TV until the medication is taken","To demonstrate you have answered the question on the previous page carefully, please rate the fol... - Robot - Accept Roberts's decision to not take the medication","To demonstrate you have answered the question on the previous page carefully, please rate the fol... - Robot - Notify a trusted person selected by Robert","To demonstrate you have answered the question on the previous page carefully, please rate the fol... - Robot - Notify Robert's doctor about his decision","To demonstrate you have answered the question on the previous page carefully, please rate the fol... - Robot - Repeat the request to take the medication","To demonstrate you have answered the question on the previous page carefully, please rate the fol... - Robot - Refuse to serve dinner until the medication is taken","To demonstrate you have answered the question on the previous page carefully, please rate the fol... - Robot - Not to let Robert watch TV until the medication is taken","To demonstrate you have answered the question on the previous page carefully, please rate the fol... - Display Order - Accept Roberts's decision to not take the medication","To demonstrate you have answered the question on the previous page carefully, please rate the fol... - Display Order - Notify a trusted person selected by Robert","To demonstrate you have answered the question on the previous page carefully, please rate the fol... - Display Order - Notify Robert's doctor about his decision","To demonstrate you have answered the question on the previous page carefully, please rate the fol... - Display Order - Repeat the request to take the medication","To demonstrate you have answered the question on the previous page carefully, please rate the fol... - Display Order - Refuse to serve dinner until the medication is taken","To demonstrate you have answered the question on the previous page carefully, please rate the fol... - Display Order - Not to let Robert watch TV until the medication is taken",Timing - First Click,Timing - Last Click,Timing - Page Submit,Timing - Click Count,"Imagine either a nurse or a robot is charged with ensuring that Robert, an older patient, takes h... - Nurse - Accept Roberts's decision to not take the medication","Imagine either a nurse or a robot is charged with ensuring that Robert, an older patient, takes h... - Nurse - Notify a trusted person selected by Robert","Imagine either a nurse or a robot is charged with ensuring that Robert, an older patient, takes h... - Nurse - Notify Robert's doctor about his decision","Imagine either a nurse or a robot is charged with ensuring that Robert, an older patient, takes h... - Nurse - Repeat the request to take the medication","Imagine either a nurse or a robot is charged with ensuring that Robert, an older patient, takes h... - Nurse - Refuse to serve dinner until the medication is taken","Imagine either a nurse or a robot is charged with ensuring that Robert, an older patient, takes h... - Nurse - Not to let Robert watch TV until the medication is taken","Imagine either a nurse or a robot is charged with ensuring that Robert, an older patient, takes h... - Robot - Accept Roberts's decision to not take the medication","Imagine either a nurse or a robot is charged with ensuring that Robert, an older patient, takes h... - Robot - Notify a trusted person selected by Robert","Imagine either a nurse or a robot is charged with ensuring that Robert, an older patient, takes h... - Robot - Notify Robert's doctor about his decision","Imagine either a nurse or a robot is charged with ensuring that Robert, an older patient, takes h... - Robot - Repeat the request to take the medication","Imagine either a nurse or a robot is charged with ensuring that Robert, an older patient, takes h... - Robot - Refuse to serve dinner until the medication is taken","Imagine either a nurse or a robot is charged with ensuring that Robert, an older patient, takes h... - Robot - Not to let Robert watch TV until the medication is taken","To demonstrate you have answered the question on the previous page carefully, please rate the fol... - Nurse - Accept Roberts's decision to not take the medication","To demonstrate you have answered the question on the previous page carefully, please rate the fol... - Nurse - Notify a trusted person selected by Robert","To demonstrate you have answered the question on the previous page carefully, please rate the fol... - Nurse - Notify Robert's doctor about his decision","To demonstrate you have answered the question on the previous page carefully, please rate the fol... - Nurse - Repeat the request to take the medication","To demonstrate you have answered the question on the previous page carefully, please rate the fol... - Nurse - Refuse to serve dinner until the medication is taken","To demonstrate you have answered the question on the previous page carefully, please rate the fol... - Nurse - Not to let Robert watch TV until the medication is taken","To demonstrate you have answered the question on the previous page carefully, please rate the fol... - Robot - Accept Roberts's decision to not take the medication","To demonstrate you have answered the question on the previous page carefully, please rate the fol... - Robot - Notify a trusted person selected by Robert","To demonstrate you have answered the question on the previous page carefully, please rate the fol... - Robot - Notify Robert's doctor about his decision","To demonstrate you have answered the question on the previous page carefully, please rate the fol... - Robot - Repeat the request to take the medication","To demonstrate you have answered the question on the previous page carefully, please rate the fol... - Robot - Refuse to serve dinner until the medication is taken","To demonstrate you have answered the question on the previous page carefully, please rate the fol... - Robot - Not to let Robert watch TV until the medication is taken","To demonstrate you have answered the question on the previous page carefully, please rate the fol... - Display Order - Accept Roberts's decision to not take the medication","To demonstrate you have answered the question on the previous page carefully, please rate the fol... - Display Order - Notify a trusted person selected by Robert","To demonstrate you have answered the question on the previous page carefully, please rate the fol... - Display Order - Notify Robert's doctor about his decision","To demonstrate you have answered the question on the previous page carefully, please rate the fol... - Display Order - Repeat the request to take the medication","To demonstrate you have answered the question on the previous page carefully, please rate the fol... - Display Order - Refuse to serve dinner until the medication is taken","To demonstrate you have answered the question on the previous page carefully, please rate the fol... - Display Order - Not to let Robert watch TV until the medication is taken",What year were you born?,What is your gender identity? You may select multiple options. - Selected Choice - Male,What is your gender identity? You may select multiple options. - Selected Choice - Female,What is your gender identity? You may select multiple options. - Selected Choice - Transgender,What is your gender identity? You may select multiple options. - Selected Choice - Genderqueer/Gender Non-Conforming,What is your gender identity? You may select multiple options. - Selected Choice - Prefer not to say,What is your gender identity? You may select multiple options. - Selected Choice - Other (optional: specify),What is your gender identity? You may select multiple options. - Other (optional: specify) - Text,Choose one or more ethnic backgrounds that you consider yourself to be: - Selected Choice - White,Choose one or more ethnic backgrounds that you consider yourself to be: - Selected Choice - Black or African American,Choose one or more ethnic backgrounds that you consider yourself to be: - Selected Choice - American Indian or Alaska Native,Choose one or more ethnic backgrounds that you consider yourself to be: - Selected Choice - Asian,Choose one or more ethnic backgrounds that you consider yourself to be: - Selected Choice - Native Hawaiian or Pacific Islander,Choose one or more ethnic backgrounds that you consider yourself to be: - Selected Choice - Other,Choose one or more ethnic backgrounds that you consider yourself to be: - Other - Text,"If you wish, you can use the box below to share your thoughts and comments about this study.",disease,unique_code,Create New Field or Choose From Dropdown...,FL_3 - Block Randomizer - Display Order - FL_8,FL_3 - Block Randomizer - Display Order - FL_9,FL_3 - Block Randomizer - Display Order - FL_10,FL_13 - Block Randomizer - Display Order - main_survey_nurse_left,FL_13 - Block Randomizer - Display Order - main_survey_robot_left
"{""ImportId"":""startDate"",""timeZone"":""America/Denver""}","{""ImportId"":""endDate"",""timeZone"":""America/Denver""}","{""ImportId"":""status""}","{""ImportId"":""ipAddress""}","{""ImportId"":""progress""}","{""ImportId"":""duration""}","{""ImportId"":""finished""}","{""ImportId"":""recordedDate"",""timeZone"":""America/Denver""}","{""ImportId"":""_recordId""}","{""ImportId"":""recipientLastName""}","{""ImportId"":""recipientFirstName""}","{""ImportId"":""recipientEmail""}","{""ImportId"":""externalDataReference""}","{""ImportId"":""locationLatitude""}","{""ImportId"":""locationLongitude""}","{""ImportId"":""distributionChannel""}","{""ImportId"":""userLanguage""}","{""ImportId"":""QID20_FIRST_CLICK""}","{""ImportId"":""QID20_LAST_CLICK""}","{""ImportId"":""QID20_PAGE_SUBMIT""}","{""ImportId"":""QID20_CLICK_COUNT""}","{""ImportId"":""QID2#1_1""}","{""ImportId"":""QID2#1_2""}","{""ImportId"":""QID2#1_3""}","{""ImportId"":""QID2#1_4""}","{""ImportId"":""QID2#1_5""}","{""ImportId"":""QID2#1_6""}","{""ImportId"":""QID2#2_1""}","{""ImportId"":""QID2#2_2""}","{""ImportId"":""QID2#2_3""}","{""ImportId"":""QID2#2_4""}","{""ImportId"":""QID2#2_5""}","{""ImportId"":""QID2#2_6""}","{""ImportId"":""QID16#1_1""}","{""ImportId"":""QID16#1_2""}","{""ImportId"":""QID16#1_3""}","{""ImportId"":""QID16#1_4""}","{""ImportId"":""QID16#1_5""}","{""ImportId"":""QID16#1_6""}","{""ImportId"":""QID16#2_1""}","{""ImportId"":""QID16#2_2""}","{""ImportId"":""QID16#2_3""}","{""ImportId"":""QID16#2_4""}","{""ImportId"":""QID16#2_5""}","{""ImportId"":""QID16#2_6""}","{""ImportId"":""QID16_DO"",""choiceId"":""1""}","{""ImportId"":""QID16_DO"",""choiceId"":""2""}","{""ImportId"":""QID16_DO"",""choiceId"":""3""}","{""ImportId"":""QID16_DO"",""choiceId"":""4""}","{""ImportId"":""QID16_DO"",""choiceId"":""5""}","{""ImportId"":""QID16_DO"",""choiceId"":""6""}","{""ImportId"":""QID21_FIRST_CLICK""}","{""ImportId"":""QID21_LAST_CLICK""}","{""ImportId"":""QID21_PAGE_SUBMIT""}","{""ImportId"":""QID21_CLICK_COUNT""}","{""ImportId"":""QID14#1_1""}","{""ImportId"":""QID14#1_2""}","{""ImportId"":""QID14#1_3""}","{""ImportId"":""QID14#1_4""}","{""ImportId"":""QID14#1_5""}","{""ImportId"":""QID14#1_6""}","{""ImportId"":""QID14#2_1""}","{""ImportId"":""QID14#2_2""}","{""ImportId"":""QID14#2_3""}","{""ImportId"":""QID14#2_4""}","{""ImportId"":""QID14#2_5""}","{""ImportId"":""QID14#2_6""}","{""ImportId"":""QID17#1_1""}","{""ImportId"":""QID17#1_2""}","{""ImportId"":""QID17#1_3""}","{""ImportId"":""QID17#1_4""}","{""ImportId"":""QID17#1_5""}","{""ImportId"":""QID17#1_6""}","{""ImportId"":""QID17#2_1""}","{""ImportId"":""QID17#2_2""}","{""ImportId"":""QID17#2_3""}","{""ImportId"":""QID17#2_4""}","{""ImportId"":""QID17#2_5""}","{""ImportId"":""QID17#2_6""}","{""ImportId"":""QID17_DO"",""choiceId"":""1""}","{""ImportId"":""QID17_DO"",""choiceId"":""2""}","{""ImportId"":""QID17_DO"",""choiceId"":""3""}","{""ImportId"":""QID17_DO"",""choiceId"":""4""}","{""ImportId"":""QID17_DO"",""choiceId"":""5""}","{""ImportId"":""QID17_DO"",""choiceId"":""6""}","{""ImportId"":""QID7_TEXT""}","{""ImportId"":""QID10"",""choiceId"":""1""}","{""ImportId"":""QID10"",""choiceId"":""2""}","{""ImportId"":""QID10"",""choiceId"":""3""}","{""ImportId"":""QID10"",""choiceId"":""4""}","{""ImportId"":""QID10"",""choiceId"":""5""}","{""ImportId"":""QID10"",""choiceId"":""6""}","{""ImportId"":""QID10_6_TEXT""}","{""ImportId"":""QID11"",""choiceId"":""1""}","{""ImportId"":""QID11"",""choiceId"":""2""}","{""ImportId"":""QID11"",""choiceId"":""3""}","{""ImportId"":""QID11"",""choiceId"":""4""}","{""ImportId"":""QID11"",""choiceId"":""5""}","{""ImportId"":""QID11"",""choiceId"":""6""}","{""ImportId"":""QID11_6_TEXT""}","{""ImportId"":""QID18_TEXT""}","{""ImportId"":""disease""}","{""ImportId"":""unique_code""}","{""ImportId"":""Create New Field or Choose From Dropdown...""}","{""ImportId"":""FL_3_DO"",""choiceId"":""FL_8""}","{""ImportId"":""FL_3_DO"",""choiceId"":""FL_9""}","{""ImportId"":""FL_3_DO"",""choiceId"":""FL_10""}","{""ImportId"":""FL_13_DO"",""choiceId"":""main_survey_nurse_left""}","{""ImportId"":""FL_13_DO"",""choiceId"":""main_survey_robot_left""}"
2021-05-16 08:21:47,2021-05-16 08:23:08,IP Address,173.62.205.212,100,81,True,2021-05-16 08:23:09,R_3n7N6fy0iS3vJqK,,,,,40.0442962646484375,-75.6472015380859375,anonymous,EN,18.251,36.013,37.226,16,Not permissible,Permissible,Permissible,Permissible,Permissible,Permissible,Not Permissible,Permissible,Permissible,Permissible,Unsure,Permissible,Not permissible,,,,Permissible,Permissible,Not Permissible,,,,Unsure,Permissible,1,,,,2,3,,,,,,,,,,,,,,,,,,,,,,,,,,,,,,,,,,,1995,Male,,,,,,,White,Black or African American,,,,,,,migraine,739621,,,,1,1,
2021-05-16 08:22:38,2021-05-16 08:23:25,IP Address,96.232.82.149,100,46,True,2021-05-16 08:23:25,R_1gdbn772XwOw0ks,,,,,40.7483978271484375,-73.86199951171875,anonymous,EN,3.235,16.193,16.798,16,Permissible,Not permissible,Unsure,Not permissible,Permissible,Not permissible,Permissible,Not Permissible,Unsure,Not Permissible,Permissible,Not Permissible,Not permissible,,Unsure,,,Permissible,Permissible,,Not Permissible,,,Unsure,2,,3,,,1,,,,,,,,,,,,,,,,,,,,,,,,,,,,,,,,,,,1995,Male,,,,,,,White,,,,,,,,acute schizophrenia,237809,,1,,,1,
2021-05-16 08:22:13,2021-05-16 08:23:26,IP Address,64.121.102.112,100,73,True,2021-05-16 08:23:27,R_32PXFu5A2FDpZLY,,,,,40.5995025634765625,-75.3762969970703125,anonymous,EN,1.082,21.417,22.007,25,Not permissible,Permissible,Permissible,Permissible,Not permissible,Not permissible,Not Permissible,Unsure,Permissible,Permissible,Not Permissible,Not Permissible,,Permissible,,Permissible,Not permissible,,,Permissible,,Permissible,Not Permissible,,,3,,1,2,,,,,,,,,,,,,,,,,,,,,,,,,,,,,,,,,,,,1991,Male,,,,,,,White,,,,,,,,acute schizophrenia,835815,,1,,,1,
2021-05-16 08:21:42,2021-05-16 08:23:32,IP Address,74.137.230.120,100,110,True,2021-05-16 08:23:32,R_1LXXsSjRM4Ww7Pg,,,,,40.5912017822265625,-83.12580108642578125,anonymous,EN,4.249,50.96,51.668,14,Not permissible,Permissible,Permissible,Permissible,Unsure,Permissible,Not Permissible,Permissible,Permissible,Permissible,Unsure,Permissible,Not permissible,,,,Unsure,Permissible,Not Permissible,,,,Unsure,Permissible,3,,,,2,1,,,,,,,,,,,,,,,,,,,,,,,,,,,,,,,,,,,1999,Male,,,,,,,White,,,,,,,,acute schizophrenia,205383,,1,,,1,
2021-05-16 08:21:41,2021-05-16 08:23:57,IP Address,84.123.67.205,100,136,True,2021-05-16 08:23:57,R_27kxiqIWbINdtGq,,,,,38.4243927001953125,-0.8513031005859375,anonymous,EN,40.778,73.199,74.232,17,Permissible,Permissible,Permissible,Permissible,Permissible,Permissible,Unsure,Permissible,Unsure,Permissible,Not Permissible,Not Permissible,,Permissible,Permissible,,,Permissible,,Permissible,Permissible,,,Not Permissible,,2,3,,,1,,,,,,,,,,,,,,,,,,,,,,,,,,,,,,,,,,,1997,Male,,,,,,,White,,,,,,,,acute schizophrenia,145080,,1,,,1,
2021-05-16 08:22:06,2021-05-16 08:23:58,IP Address,156.96.59.114,100,111,True,2021-05-16 08:23:58,R_1r7dsD5vDp73uvw,,,,,37.751007080078125,-97.82199859619140625,anonymous,EN,7.632,29.149,31.86,17,Permissible,Unsure,Permissible,Unsure,Permissible,Unsure,Unsure,Unsure,Permissible,Permissible,Unsure,Permissible,Unsure,,Permissible,,,Unsure,Permissible,,Not Permissible,,,Permissible,1,,2,,,3,,,,,,,,,,,,,,,,,,,,,,,,,,,,,,,,,,,1990,Male,,,,,,,White,,,,,,,No,acute schizophrenia,605164,,1,,,1,
2021-05-16 08:23:04,2021-05-16 08:24:00,IP Address,12.198.49.139,100,55,True,2021-05-16 08:24:01,R_2wRFGlu5HeDZsbd,,,,,32.720306396484375,-117.1551971435546875,anonymous,EN,2.656,11.735,13.353,16,Permissible,Permissible,Permissible,Permissible,Permissible,Permissible,Unsure,Unsure,Unsure,Unsure,Unsure,Unsure,Permissible,Permissible,,,Permissible,,Unsure,Unsure,,,Unsure,,3,2,,,1,,,,,,,,,,,,,,,,,,,,,,,,,,,,,,,,,,,,1992,Male,,,,,,,White,,,,,,,,mild anxiety,459424,,,1,,1,
2021-05-16 08:22:49,2021-05-16 08:24:19,IP Address,75.169.46.57,100,90,True,2021-05-16 08:24:20,R_2VkFqnBUdsFUV4u,,,,,40.6486968994140625,-111.96820068359375,anonymous,EN,,,,,,,,,,,,,,,,,,,,,,,,,,,,,,,,,,,3.395,16.904,18.581,12,Not permissible,Unsure,Permissible,Unsure,Not permissible,Permissible,Unsure,Not Permissible,Permissible,Unsure,Not Permissible,Permissible,,,,Permissible,Not permissible,Unsure,,,,Not Permissible,Permissible,Unsure,,,,3,1,2,1989,Male,,,,,,,White,,,,,,,none,migraine,238404,,,,1,,1
2021-05-16 08:21:47,2021-05-16 08:24:22,IP Address,179.185.190.30,100,155,True,2021-05-16 08:24:23,R_1llCsEd6EW7RRmj,,,,,-7.1139984130859375,-34.860504150390625,anonymous,EN,,,,,,,,,,,,,,,,,,,,,,,,,,,,,,,,,,,6.786,33.726,36.665,13,Unsure,Permissible,Permissible,Permissible,Permissible,Permissible,Permissible,Permissible,Permissible,Permissible,Permissible,Permissible,Permissible,Permissible,Permissible,,,,Unsure,Unsure,Unsure,,,,2,3,1,,,,1988,Male,,,,,,,,,American Indian or Alaska Native,,,,,,migraine,731425,,,,1,,1
2021-05-16 08:22:01,2021-05-16 08:24:23,IP Address,66.243.213.19,100,141,True,2021-05-16 08:24:23,R_1E5s5iZTuF9lnje,,,,,46.9210052490234375,-122.5937957763671875,anonymous,EN,,,,,,,,,,,,,,,,,,,,,,,,,,,,,,,,,,,21.501,50.135,51.158,12,Permissible,Permissible,Permissible,Permissible,Not permissible,Not permissible,Permissible,Permissible,Permissible,Permissible,Not Permissible,Not Permissible,Permissible,,,,Not permissible,Not permissible,Permissible,,,,Not Permissible,Not Permissible,2,,,,1,3,1958,,Female,,,,,,White,,,,,,,,mild anxiety,444340,,,1,,,1
2021-05-16 08:22:56,2021-05-16 08:24:47,IP Address,63.75.254.28,100,111,True,2021-05-16 08:24:48,R_1rPJO1tNwDKjAQ6,,,,,39.610198974609375,-75.6746978759765625,anonymous,EN,1.269,7.125,7.555,12,Permissible,Permissible,Permissible,Permissible,Permissible,Permissible,Unsure,Unsure,Unsure,Unsure,Unsure,Unsure,,Permissible,,Permissible,,Permissible,,Unsure,,Unsure,,Unsure,,1,,2,,3,,,,,,,,,,,,,,,,,,,,,,,,,,,,,,,,,,,1992,Male,,,,,,,White,,,,,,,,acute schizophrenia,561404,,1,,,1,
2021-05-16 08:22:27,2021-05-16 08:24:53,IP Address,24.254.218.60,100,146,True,2021-05-16 08:24:53,R_2TnPw0h0B3zE1IL,,,,,36.73480224609375,-76.2342987060546875,anonymous,EN,38.549,51.508,53.386,12,Not permissible,Permissible,Unsure,Permissible,Permissible,Permissible,Unsure,Permissible,Unsure,Permissible,Unsure,Permissible,,Permissible,Unsure,,,Permissible,,Permissible,Permissible,,,Permissible,,1,2,,,3,,,,,,,,,,,,,,,,,,,,,,,,,,,,,,,,,,,1990,Male,,,,,,,White,,,,,,,none,migraine,814713,,,,1,1,
2021-05-16 08:23:59,2021-05-16 08:25:15,IP Address,50.231.89.138,100,75,True,2021-05-16 08:25:17,R_2drLyMyfF55sY0H,,,,,33.8983001708984375,-84.58930206298828125,anonymous,EN,,,,,,,,,,,,,,,,,,,,,,,,,,,,,,,,,,,2.965,12.314,13.623,12,Permissible,Unsure,Not permissible,Unsure,Unsure,Unsure,Unsure,Not Permissible,Unsure,Unsure,Not Permissible,Not Permissible,Unsure,,Not permissible,Permissible,,,Permissible,,Not Permissible,Unsure,,,1,,3,2,,,1979,Male,,,,,,,White,,,,,,,,acute schizophrenia,904551,,1,,,,1
2021-05-16 08:23:43,2021-05-16 08:25:35,IP Address,50.231.89.195,100,111,True,2021-05-16 08:25:36,R_2fp5ETfl5ntO2n1,,,,,33.8983001708984375,-84.58930206298828125,anonymous,EN,4.369,33.378,35.626,12,Unsure,Permissible,Unsure,Unsure,Permissible,Unsure,Unsure,Permissible,Unsure,Unsure,Permissible,Unsure,Unsure,,Permissible,,Unsure,,Unsure,,Permissible,,Unsure,,3,,2,,1,,,,,,,,,,,,,,,,,,,,,,,,,,,,,,,,,,,,1986,Male,,,,,,,White,,,,,,,good,migraine,417063,,,,1,1,
2021-05-16 08:21:58,2021-05-16 08:25:41,IP Address,50.231.89.166,100,223,True,2021-05-16 08:25:42,R_6ldV9KhOyLJtqLv,,,,,33.8983001708984375,-84.58930206298828125,anonymous,EN,,,,,,,,,,,,,,,,,,,,,,,,,,,,,,,,,,,26.705,78.238,79.632,18,Permissible,Permissible,Unsure,Unsure,Not permissible,Unsure,Not Permissible,Permissible,Unsure,Permissible,Permissible,Permissible,,Permissible,Permissible,,Not permissible,,,Permissible,Permissible,,Unsure,,,3,1,,2,,1995,,Female,,,,,,White,,,,,,,NICE CONCEPT,mild anxiety,918651,,,1,,,1
2021-05-16 08:21:51,2021-05-16 08:25:52,IP Address,35.170.33.146,100,241,True,2021-05-16 08:25:52,R_12JRzQJd1MO8EHh,,,,,39.048095703125,-77.47280120849609375,anonymous,EN,,,,,,,,,,,,,,,,,,,,,,,,,,,,,,,,,,,25.566,81.328,83.185,15,Not permissible,Permissible,Permissible,Permissible,Not permissible,Not permissible,Not Permissible,Permissible,Permissible,Permissible,Not Permissible,Not Permissible,,Permissible,Permissible,Permissible,,,,Permissible,Permissible,Permissible,,,,1,2,3,,,1973,Male,,,,,,,White,,,,,,,,mild anxiety,997171,,,1,,,1
2021-05-16 08:25:20,2021-05-16 08:26:03,IP Address,63.75.240.192,100,42,True,2021-05-16 08:26:04,R_29bJub2KKsp6DXz,,,,,42.5836029052734375,-83.4989013671875,anonymous,EN,,,,,,,,,,,,,,,,,,,,,,,,,,,,,,,,,,,1.846,8.472,8.762,13,Unsure,Unsure,Unsure,Unsure,Unsure,Unsure,Permissible,Permissible,Permissible,Permissible,Permissible,Permissible,Permissible,Permissible,,,,Permissible,Not Permissible,Not Permissible,,,,Not Permissible,1,3,,,,2,1992,Male,,,,,,,White,,,,,,,,mild anxiety,733381,,,1,,,1
2021-05-16 08:22:17,2021-05-16 08:26:09,IP Address,174.246.16.199,100,231,True,2021-05-16 08:26:09,R_2q3QnCb6O4GBkAP,,,,,47.6631011962890625,-122.3029022216796875,anonymous,EN,28.008,63.445,65.81,12,Not permissible,Permissible,Permissible,Permissible,Not permissible,Unsure,Not Permissible,Permissible,Permissible,Permissible,Not Permissible,Unsure,,Permissible,Permissible,Permissible,,,,Permissible,Permissible,Permissible,,,,1,3,2,,,,,,,,,,,,,,,,,,,,,,,,,,,,,,,,,,,,,1954,,Female,,,,,,White,,,,,,,"I don't think you should withhold food from a patient.  All the others are fine I think, whether it is a robot or a person.",acute schizophrenia,857669,,1,,,1,
2021-05-16 08:24:43,2021-05-16 08:26:15,IP Address,45.71.19.151,100,92,True,2021-05-16 08:26:15,R_3Ptp8Ov9oc9BZiZ,,,,,40.69940185546875,-73.88829803466796875,anonymous,EN,,,,,,,,,,,,,,,,,,,,,,,,,,,,,,,,,,,5.021,21.919,22.883,15,Permissible,Permissible,Permissible,Permissible,Permissible,Permissible,Permissible,Permissible,Permissible,Permissible,Permissible,Permissible,,Permissible,Permissible,Permissible,,,,Permissible,Permissible,Permissible,,,,1,2,3,,,1975,,Female,,,,,,White,,,,,,,thanks,acute schizophrenia,891127,,1,,,,1
2021-05-16 08:21:43,2021-05-16 08:26:20,IP Address,64.62.219.194,100,277,True,2021-05-16 08:26:20,R_2dmPcfPZMTjpkcV,,,,,37.751007080078125,-97.82199859619140625,anonymous,EN,32.102,125.966,126.851,20,Unsure,Permissible,Permissible,Permissible,Permissible,Permissible,Not Permissible,Permissible,Permissible,Permissible,Not Permissible,Permissible,,,,Permissible,Permissible,Permissible,,,,Permissible,Not Permissible,Permissible,,,,2,1,3,,,,,,,,,,,,,,,,,,,,,,,,,,,,,,,,,,,1991,Male,,,,,,,White,,,,,,,no comment,acute schizophrenia,939862,,1,,,1,
2021-05-16 08:24:34,2021-05-16 08:26:28,IP Address,63.160.142.48,100,113,True,2021-05-16 08:26:28,R_1OwNx1XWcX87xdg,,,,,37.751007080078125,-97.82199859619140625,anonymous,EN,,,,,,,,,,,,,,,,,,,,,,,,,,,,,,,,,,,15.983,30.995,33.06,13,Permissible,Permissible,Not permissible,Unsure,Permissible,Permissible,Unsure,Unsure,Not Permissible,Unsure,Unsure,Permissible,,Permissible,,Permissible,Unsure,,,Not Permissible,,Permissible,Not Permissible,,,2,,3,1,,1982,Male,,,,,,,White,,,,,,,,mild anxiety,133722,,,1,,,1
2021-05-16 08:23:43,2021-05-16 08:26:30,IP Address,85.190.254.31,100,167,True,2021-05-16 08:26:30,R_2dSEWLqhQncJxus,,,,,40.70660400390625,-74.20269775390625,anonymous,EN,29.626,67.226,68.355,12,Not permissible,Permissible,Permissible,Not permissible,Not permissible,Not permissible,Unsure,Permissible,Permissible,Unsure,Unsure,Unsure,,,Permissible,Permissible,,Permissible,,,Unsure,Unsure,,Permissible,,,2,3,,1,,,,,,,,,,,,,,,,,,,,,,,,,,,,,,,,,,,1983,,Female,,,,,,White,,,,,,,I like this survey,mild anxiety,629575,,,1,,1,
2021-05-16 08:22:01,2021-05-16 08:26:36,IP Address,45.168.90.247,100,274,True,2021-05-16 08:26:37,R_3kmFkSn8UdXOsGY,,,,,-12.696197509765625,-38.3258056640625,anonymous,EN,,,,,,,,,,,,,,,,,,,,,,,,,,,,,,,,,,,3.489,40.597,84.682,14,Permissible,Unsure,Permissible,Unsure,Not permissible,Permissible,Permissible,Unsure,Permissible,Permissible,Permissible,Permissible,,,Unsure,Unsure,Unsure,,,,Permissible,Unsure,Unsure,,,,2,1,3,,1993,Male,,,,,,,White,,,,,,,,mild anxiety,261120,,,1,,,1
2021-05-16 08:22:28,2021-05-16 08:26:42,IP Address,68.201.121.191,100,254,True,2021-05-16 08:26:42,R_3OT6YovHTrPZHeV,,,,,31.1992950439453125,-97.93039703369140625,anonymous,EN,,,,,,,,,,,,,,,,,,,,,,,,,,,,,,,,,,,68.01,105.38,107.754,14,Not permissible,Permissible,Permissible,Permissible,Permissible,Permissible,Not Permissible,Permissible,Permissible,Permissible,Permissible,Permissible,Not permissible,,Permissible,,,Permissible,Not Permissible,,Permissible,,,Permissible,2,,3,,,1,1957,,Female,,,,,,White,,,,,,,thank you,migraine,926113,,,,1,,1
2021-05-16 08:25:32,2021-05-16 08:26:44,IP Address,12.198.49.73,100,72,True,2021-05-16 08:26:44,R_6xKaCw28UHFRejn,,,,,32.720306396484375,-117.1551971435546875,anonymous,EN,7.895,16.238,17.855,12,Unsure,Not permissible,Unsure,Not permissible,Unsure,Not permissible,Unsure,Unsure,Not Permissible,Unsure,Not Permissible,Unsure,,Unsure,Unsure,Permissible,,,,Permissible,Unsure,Not Permissible,,,,3,1,2,,,,,,,,,,,,,,,,,,,,,,,,,,,,,,,,,,,,,1992,Male,,,,,,,White,,,,,,,interesting,migraine,735205,,,,1,1,
2021-05-16 08:25:15,2021-05-16 08:26:47,IP Address,63.75.242.150,100,92,True,2021-05-16 08:26:48,R_so3JyWR0m7aJAkN,,,,,42.5836029052734375,-83.4989013671875,anonymous,EN,1.403,7.139,7.715,13,Permissible,Permissible,Permissible,Permissible,Permissible,Permissible,Permissible,Unsure,Unsure,Not Permissible,Not Permissible,Not Permissible,Permissible,,Permissible,Permissible,,,Not Permissible,,Not Permissible,Not Permissible,,,3,,2,1,,,,,,,,,,,,,,,,,,,,,,,,,,,,,,,,,,,,,1992,Male,,,,,,,White,,,,,,,,mild anxiety,253589,,,1,,1,
2021-05-16 08:25:22,2021-05-16 08:27:33,IP Address,176.234.128.198,100,130,True,2021-05-16 08:27:33,R_9GKwMvIP4ibG6YN,,,,,41.0550994873046875,28.9346923828125,anonymous,EN,24.401,54.44,55.15,17,Not permissible,Permissible,Permissible,Permissible,Unsure,Permissible,Not Permissible,Permissible,Permissible,Permissible,Unsure,Permissible,,Permissible,Permissible,,,Permissible,,Permissible,Permissible,,,Permissible,,1,2,,,3,,,,,,,,,,,,,,,,,,,,,,,,,,,,,,,,,,,1989,Male,,,,,,,White,,,,,,,,acute schizophrenia,320109,,1,,,1,
2021-05-16 08:22:42,2021-05-16 08:27:42,IP Address,104.222.210.128,100,300,True,2021-05-16 08:27:42,R_1gtkF8KPJl10UKZ,,,,,42.356201171875,-71.06310272216796875,anonymous,EN,,,,,,,,,,,,,,,,,,,,,,,,,,,,,,,,,,,112.404,162.289,165.551,21,Unsure,Permissible,Permissible,Permissible,Permissible,Permissible,Not Permissible,Permissible,Permissible,Permissible,Permissible,Permissible,,Permissible,,,Permissible,Permissible,,Permissible,,,Permissible,Permissible,,3,,,2,1,1989,Male,,,,,,,White,,,,,,,good,mild anxiety,279341,,,1,,,1
2021-05-16 08:23:04,2021-05-16 08:27:43,IP Address,65.27.6.26,100,279,True,2021-05-16 08:27:43,R_Tk1MmAsMQRPqbTP,,,,,39.154693603515625,-84.59110260009765625,anonymous,EN,,,,,,,,,,,,,,,,,,,,,,,,,,,,,,,,,,,8.392,91.559,91.883,16,Unsure,Permissible,Permissible,Unsure,Not permissible,Unsure,Not Permissible,Permissible,Permissible,Unsure,Not Permissible,Not Permissible,,Permissible,,Permissible,,Unsure,,Permissible,,Unsure,,Not Permissible,,2,,3,,1,1988,,Female,,,,,,White,,,,,,,"No Comments, Thank you.",mild anxiety,136593,,,1,,,1
2021-05-16 08:26:43,2021-05-16 08:27:49,IP Address,208.203.212.109,100,66,True,2021-05-16 08:27:50,R_2RPbA3Rfx2dBlEj,,,,,39.9844970703125,-75.58599853515625,anonymous,EN,6.739,15.901,16.564,2,Permissible,Permissible,Permissible,Unsure,Unsure,Not permissible,Permissible,Permissible,Permissible,Permissible,Unsure,Unsure,Permissible,Unsure,,Unsure,,,Permissible,Permissible,,Permissible,,,1,2,,3,,,,,,,,,,,,,,,,,,,,,,,,,,,,,,,,,,,,,1985,Male,,,,,,,White,,,,,,,good,acute schizophrenia,378008,,1,,,1,
2021-05-16 08:23:13,2021-05-16 08:27:51,IP Address,191.34.142.31,100,278,True,2021-05-16 08:27:51,R_1Lcbh4ToxkHMkeM,,,,,-22.9485015869140625,-43.343597412109375,anonymous,EN,,,,,,,,,,,,,,,,,,,,,,,,,,,,,,,,,,,67.978,98.159,100.344,17,Not permissible,Permissible,Permissible,Permissible,Not permissible,Unsure,Not Permissible,Permissible,Permissible,Permissible,Not Permissible,Unsure,Not permissible,,,Permissible,,Unsure,Not Permissible,,,Permissible,,Unsure,1,,,3,,2,1986,,Female,,,,,,White,,,,,,,,migraine,395838,,,,1,,1
2021-05-16 08:25:06,2021-05-16 08:27:55,IP Address,200.7.119.55,100,168,True,2021-05-16 08:27:55,R_3KNoxVWt9DcQy81,,,,,-24.2884979248046875,-47.025604248046875,anonymous,EN,6.184,64.378,65.767,15,Permissible,Unsure,Permissible,Permissible,Not permissible,Unsure,Unsure,Permissible,Permissible,Permissible,Unsure,Unsure,Permissible,Permissible,,,Not permissible,,Unsure,Permissible,,,Unsure,,1,2,,,3,,,,,,,,,,,,,,,,,,,,,,,,,,,,,,,,,,,,2002,Male,,,,,,,White,,,,,,,,migraine,657172,,,,1,1,
2021-05-16 08:25:40,2021-05-16 08:28:06,IP Address,50.231.89.169,100,145,True,2021-05-16 08:28:06,R_O1ML9HLMf12ookV,,,,,33.8983001708984375,-84.58930206298828125,anonymous,EN,2.478,9.293,9.806,14,Unsure,Permissible,Unsure,Permissible,Unsure,Permissible,Unsure,Permissible,Unsure,Not Permissible,Unsure,Permissible,Unsure,Permissible,,,Unsure,,Unsure,Permissible,,,Unsure,,3,2,,,1,,,,,,,,,,,,,,,,,,,,,,,,,,,,,,,,,,,,1986,,Female,,,,,,White,,,,,,,,acute schizophrenia,231435,,1,,,1,
2021-05-16 08:25:28,2021-05-16 08:28:11,IP Address,68.204.203.77,100,162,True,2021-05-16 08:28:11,R_21ueZZFJ1DfNuqi,,,,,28.52740478515625,-81.6011962890625,anonymous,EN,,,,,,,,,,,,,,,,,,,,,,,,,,,,,,,,,,,0.089,22.527,22.827,22,Permissible,Permissible,Permissible,Permissible,Permissible,Permissible,Unsure,Unsure,Permissible,Permissible,Unsure,Permissible,Permissible,,Permissible,,Permissible,,Unsure,,Unsure,,Not Permissible,,1,,3,,2,,1978,Male,,,,,,,,,,Asian,,,,,migraine,903727,,,,1,,1
2021-05-16 08:27:06,2021-05-16 08:28:17,IP Address,103.58.116.178,100,71,True,2021-05-16 08:28:18,R_29uGe4BCNS4QJP9,,,,,10.9535980224609375,78.081207275390625,anonymous,EN,4.425,26.567,27.859,15,Permissible,Permissible,Unsure,Permissible,Unsure,Permissible,Unsure,Not Permissible,Unsure,Permissible,Unsure,Permissible,,Unsure,,,Permissible,Permissible,,Permissible,,,Permissible,Unsure,,1,,,3,2,,,,,,,,,,,,,,,,,,,,,,,,,,,,,,,,,,,1996,Male,,,,,,,,,,Asian,,,,na,mild anxiety,322065,,,1,,1,
2021-05-16 08:27:20,2021-05-16 08:28:28,IP Address,12.198.49.128,100,68,True,2021-05-16 08:28:29,R_31KNJLgoG6XezpO,,,,,32.720306396484375,-117.1551971435546875,anonymous,EN,,,,,,,,,,,,,,,,,,,,,,,,,,,,,,,,,,,2.557,14.338,16.51,12,Unsure,Permissible,Unsure,Not permissible,Unsure,Permissible,Unsure,Permissible,Unsure,Unsure,Permissible,Unsure,,,Permissible,Permissible,Unsure,,,,Unsure,Unsure,Permissible,,,,1,3,2,,1986,Male,,,,,,,White,,,,,,,good,acute schizophrenia,139629,,1,,,,1
2021-05-16 08:26:47,2021-05-16 08:28:30,IP Address,208.203.212.226,100,103,True,2021-05-16 08:28:31,R_3rUOAWNtrLmnlpf,,,,,39.9844970703125,-75.58599853515625,anonymous,EN,,,,,,,,,,,,,,,,,,,,,,,,,,,,,,,,,,,48.455,48.455,53.192,1,Unsure,Not permissible,Not permissible,Not permissible,Not permissible,Not permissible,Permissible,Not Permissible,Not Permissible,Not Permissible,Not Permissible,Not Permissible,,,Not permissible,Not permissible,,Not permissible,,,Not Permissible,Unsure,,Not Permissible,,,1,3,,2,1985,Male,,,,,,,White,,,,,,,good,migraine,199477,,,,1,,1
2021-05-16 08:23:24,2021-05-16 08:28:37,IP Address,73.186.40.114,100,312,True,2021-05-16 08:28:37,R_1f0Jl7ALOdbxeFX,,,,,42.8574981689453125,-72.59400177001953125,anonymous,EN,19.851,55.21,67.19,15,Permissible,Unsure,Unsure,Permissible,Not permissible,Not permissible,Permissible,Unsure,Unsure,Permissible,Not Permissible,Not Permissible,,Unsure,Unsure,,Not permissible,,,Unsure,Unsure,,Not Permissible,,,1,2,,3,,,,,,,,,,,,,,,,,,,,,,,,,,,,,,,,,,,,1964,,,,,,Other (optional: specify),"I don't use stereotypes to discuss sex, since that's regressive, ascientific and harmful.  I am an adult, human, female ",White,,,,,,,"If the patient signed a release saying they wanted their MD or trusted relative/advisor to know about a med refusal - that's fine.  Otherwise, no.  I presume competency even with a major mental illness. ",acute schizophrenia,115621,,1,,,1,
2021-05-16 08:27:47,2021-05-16 08:28:46,IP Address,208.221.43.208,100,59,True,2021-05-16 08:28:47,R_2PClP2112hr2z7T,,,,,37.751007080078125,-97.82199859619140625,anonymous,EN,,,,,,,,,,,,,,,,,,,,,,,,,,,,,,,,,,,4.273,16.841,17.364,13,Permissible,Permissible,Permissible,Unsure,Permissible,Permissible,Permissible,Permissible,Permissible,Unsure,Unsure,Permissible,,,,Permissible,Permissible,Unsure,,,,Permissible,Permissible,Unsure,,,,1,3,2,1990,Male,,,,,,,White,,,,,,,,migraine,748039,,,,1,,1
2021-05-16 08:28:35,2021-05-16 08:29:30,IP Address,12.198.49.177,100,55,True,2021-05-16 08:29:30,R_Wv7ci1jLtgQ5mpP,,,,,32.720306396484375,-117.1551971435546875,anonymous,EN,2.484,10.479,13.409,13,Unsure,Not permissible,Unsure,Not permissible,Unsure,Permissible,Unsure,Permissible,Unsure,Unsure,Permissible,Unsure,,,Permissible,Unsure,Unsure,,,,Permissible,Unsure,Not Permissible,,,,2,1,3,,,,,,,,,,,,,,,,,,,,,,,,,,,,,,,,,,,,1992,Male,,,,,,,White,,,,,,,interesting,mild anxiety,503663,,,1,,1,
2021-05-16 08:27:22,2021-05-16 08:29:47,IP Address,12.198.49.29,100,144,True,2021-05-16 08:29:47,R_23Tz3il7FQo0IQu,,,,,32.720306396484375,-117.1551971435546875,anonymous,EN,,,,,,,,,,,,,,,,,,,,,,,,,,,,,,,,,,,19.105,26.547,28.967,12,Unsure,Permissible,Unsure,Permissible,Unsure,Permissible,Unsure,Permissible,Permissible,Unsure,Permissible,Permissible,Unsure,Unsure,,,,Permissible,Permissible,Unsure,,,,Unsure,3,1,,,,2,1986,,Female,,,,,,White,,,,,,,NO,mild anxiety,993769,,,1,,,1
2021-05-16 08:28:46,2021-05-16 08:30:23,IP Address,208.203.212.104,100,97,True,2021-05-16 08:30:24,R_2XjnBrBMwVGX8NK,,,,,39.9844970703125,-75.58599853515625,anonymous,EN,,,,,,,,,,,,,,,,,,,,,,,,,,,,,,,,,,,9.124,9.124,19.505,1,Unsure,Not permissible,Unsure,Permissible,Unsure,Not permissible,Permissible,Not Permissible,Unsure,Not Permissible,Not Permissible,Unsure,,,Unsure,Not permissible,Unsure,,,,Unsure,Unsure,Unsure,,,,1,2,3,,1991,Male,,,,,,,,,,Asian,,,,good,migraine,757631,,,,1,,1
2021-05-16 08:29:31,2021-05-16 08:30:25,IP Address,103.58.65.149,100,54,True,2021-05-16 08:30:26,R_1kYb4GSwk3QE17Y,,,,,11.4575042724609375,78.19140625,anonymous,EN,,,,,,,,,,,,,,,,,,,,,,,,,,,,,,,,,,,1.346,9.459,11.018,13,Permissible,Unsure,Permissible,Unsure,Permissible,Permissible,Permissible,Unsure,Unsure,Permissible,Permissible,Unsure,,,Permissible,Unsure,Permissible,,,,Permissible,Permissible,Unsure,,,,3,1,2,,1990,Male,,,,,,,,,,Asian,,,,na,mild anxiety,612711,,,1,,,1
2021-05-16 08:27:49,2021-05-16 08:30:27,IP Address,45.20.101.163,100,158,True,2021-05-16 08:30:27,R_1hRJv5I6JBvyEl1,,,,,26.6598052978515625,-80.24289703369140625,anonymous,EN,,,,,,,,,,,,,,,,,,,,,,,,,,,,,,,,,,,13.059,42.104,75.912,16,Not permissible,Permissible,Permissible,Permissible,Not permissible,Unsure,Not Permissible,Permissible,Permissible,Permissible,Not Permissible,Not Permissible,Not permissible,,Permissible,Permissible,,,Not Permissible,,Permissible,Permissible,,,3,,1,2,,,1993,Male,,,,,,,White,,,,,,,,mild anxiety,958806,,,1,,,1
2021-05-16 08:26:25,2021-05-16 08:30:37,IP Address,73.240.82.174,100,252,True,2021-05-16 08:30:38,R_OEhmJ4ioJ2Iztq9,,,,,44.592803955078125,-123.27459716796875,anonymous,EN,,,,,,,,,,,,,,,,,,,,,,,,,,,,,,,,,,,17.37,35.887,42.006,15,Unsure,Permissible,Permissible,Permissible,Not permissible,Unsure,Unsure,Permissible,Permissible,Permissible,Not Permissible,Not Permissible,Unsure,Permissible,,,,Unsure,Unsure,Permissible,,,,Not Permissible,3,1,,,,2,1986,Male,,,,,,,White,,,,,,,Thanks,mild anxiety,804078,,,1,,,1
2021-05-16 08:30:50,2021-05-16 08:31:44,IP Address,208.203.212.235,100,53,True,2021-05-16 08:31:44,R_3h3FLzsOEg6pS89,,,,,39.9844970703125,-75.58599853515625,anonymous,EN,,,,,,,,,,,,,,,,,,,,,,,,,,,,,,,,,,,1.238,1.238,6.687,1,Not permissible,Not permissible,Not permissible,Not permissible,Not permissible,Not permissible,Unsure,Unsure,Not Permissible,Not Permissible,Not Permissible,Not Permissible,Permissible,,,Permissible,,Permissible,Permissible,,,Unsure,,Permissible,1,,,2,,3,1985,Male,,,,,,,White,,,,,,,good,mild anxiety,937322,,,1,,,1
2021-05-16 08:27:15,2021-05-16 08:31:45,IP Address,69.206.10.149,100,269,True,2021-05-16 08:31:45,R_C3yfSpEDXvtV6c9,,,,,41.53399658203125,-74.04920196533203125,anonymous,EN,45.202,65.973,72.951,13,Permissible,Unsure,Unsure,Permissible,Permissible,Unsure,Unsure,Permissible,Permissible,Permissible,Permissible,Permissible,Unsure,Permissible,,Permissible,,,Unsure,Unsure,,Not Permissible,,,1,2,,3,,,,,,,,,,,,,,,,,,,,,,,,,,,,,,,,,,,,,1995,Male,,,,,,,White,,,,,,,good,migraine,970140,,,,1,1,
2021-05-16 08:29:09,2021-05-16 08:32:10,IP Address,162.251.123.247,100,181,True,2021-05-16 08:32:11,R_3nubaIPA3Lgghmm,,,,,39.148406982421875,-94.568603515625,anonymous,EN,11.405,71.706,73.323,13,Unsure,Not permissible,Permissible,Permissible,Unsure,Unsure,Not Permissible,Unsure,Permissible,Not Permissible,Permissible,Permissible,,Permissible,Not permissible,,,Permissible,,Unsure,Permissible,,,Permissible,,1,2,,,3,,,,,,,,,,,,,,,,,,,,,,,,,,,,,,,,,,,1990,,Female,,,,,,White,,,,,,,good,acute schizophrenia,447246,,1,,,1,
2021-05-16 08:30:18,2021-05-16 08:32:19,IP Address,68.63.20.188,100,120,True,2021-05-16 08:32:19,R_3fIbTNGeEdyJLiM,,,,,30.4907989501953125,-84.31580352783203125,anonymous,EN,19.913,37.575,39.093,12,Permissible,Permissible,Permissible,Permissible,Not permissible,Permissible,Permissible,Permissible,Permissible,Permissible,Not Permissible,Permissible,,Permissible,,Permissible,Not permissible,,,Permissible,,Permissible,Not Permissible,,,1,,2,3,,,,,,,,,,,,,,,,,,,,,,,,,,,,,,,,,,,,1982,Male,,,,,,,White,,,,,,,,acute schizophrenia,160416,,1,,,1,
2021-05-16 08:29:13,2021-05-16 08:32:24,IP Address,159.118.122.42,100,190,True,2021-05-16 08:32:25,R_3oSzk8fUTa7NCEA,,,,,33.742401123046875,-90.7295989990234375,anonymous,EN,,,,,,,,,,,,,,,,,,,,,,,,,,,,,,,,,,,14.698,52.545,55.681,17,Not permissible,Permissible,Permissible,Permissible,Not permissible,Not permissible,Not Permissible,Permissible,Permissible,Permissible,Not Permissible,Not Permissible,Not permissible,,Permissible,Permissible,,,Not Permissible,,Permissible,Permissible,,,2,,1,3,,,1985,,Female,,,,,,,Black or African American,,,,,,,migraine,922104,,,,1,,1
2021-05-16 08:27:33,2021-05-16 08:32:41,IP Address,172.220.244.5,100,308,True,2021-05-16 08:32:41,R_2wirTyPpKmTYyds,,,,,35.4665985107421875,-79.1757965087890625,anonymous,EN,32.895,137.082,152.177,20,Unsure,Permissible,Permissible,Permissible,Not permissible,Not permissible,Unsure,Permissible,Permissible,Permissible,Not Permissible,Not Permissible,Unsure,,Permissible,Permissible,,,Unsure,,Permissible,Permissible,,,3,,2,1,,,,,,,,,,,,,,,,,,,,,,,,,,,,,,,,,,,,,1994,,Female,,,,,,White,,,,,,,"This is a tough one. He is not a child, but the medicine is important. Also, how is the robot going to know if he actually took it or just threw it out?",acute schizophrenia,645388,,1,,,1,
2021-05-16 08:31:22,2021-05-16 08:32:49,IP Address,208.203.212.218,100,87,True,2021-05-16 08:32:49,R_2t44brenv8modbm,,,,,39.9844970703125,-75.58599853515625,anonymous,EN,2.196,4.226,11.733,4,Permissible,Permissible,Permissible,Unsure,Not permissible,Unsure,Permissible,Permissible,Permissible,Unsure,Permissible,Permissible,,,,Unsure,Not permissible,Permissible,,,,Unsure,Unsure,Unsure,,,,3,2,1,,,,,,,,,,,,,,,,,,,,,,,,,,,,,,,,,,,1991,Male,,,,,,,,,,Asian,,,,good,migraine,123252,,,,1,1,
2021-05-16 08:29:03,2021-05-16 08:33:31,IP Address,63.75.241.101,100,267,True,2021-05-16 08:33:31,R_1FqzRZ1kh86an7Q,,,,,42.5836029052734375,-83.4989013671875,anonymous,EN,19.95,67.213,78.292,18,Permissible,Unsure,Permissible,Permissible,Not permissible,Unsure,Unsure,Not Permissible,Permissible,Unsure,Permissible,Not Permissible,,Permissible,Permissible,Permissible,,,,Unsure,Permissible,Permissible,,,,3,2,1,,,,,,,,,,,,,,,,,,,,,,,,,,,,,,,,,,,,,1959,Male,,,,,,,White,,,,,,,none,mild anxiety,456049,,,1,,1,
2021-05-16 08:30:26,2021-05-16 08:34:01,IP Address,73.207.115.107,100,215,True,2021-05-16 08:34:02,R_1mnnO05axzUSMRH,,,,,34.07470703125,-84.59529876708984375,anonymous,EN,8.409,67.883,81.307,17,Permissible,Permissible,Unsure,Permissible,Permissible,Permissible,Unsure,Not Permissible,Not Permissible,Unsure,Not Permissible,Not Permissible,,Permissible,Unsure,,Unsure,,,Not Permissible,Not Permissible,,Not Permissible,,,2,1,,3,,,,,,,,,,,,,,,,,,,,,,,,,,,,,,,,,,,,1988,Male,,,,,,,White,,,,,,,,acute schizophrenia,198909,,1,,,1,
2021-05-16 08:31:43,2021-05-16 08:34:04,IP Address,73.126.159.17,100,141,True,2021-05-16 08:34:05,R_3J2FP7WynnD0iGF,,,,,41.748992919921875,-72.690399169921875,anonymous,EN,,,,,,,,,,,,,,,,,,,,,,,,,,,,,,,,,,,9.351,20.323,21.78,15,Permissible,Permissible,Permissible,Not permissible,Unsure,Permissible,Permissible,Unsure,Permissible,Unsure,Permissible,Not Permissible,Permissible,,,Permissible,Unsure,,Unsure,,,Unsure,Permissible,,1,,,2,3,,1996,,Female,,,,,,White,,,,,,,nice study,mild anxiety,199814,,,1,,,1
2021-05-16 08:32:16,2021-05-16 08:34:16,IP Address,73.236.40.189,100,119,True,2021-05-16 08:34:16,R_27QdNwGqetDUGoL,,,,,41.0265960693359375,-80.34980010986328125,anonymous,EN,6.142,40.966,45.749,12,Not permissible,Permissible,Permissible,Permissible,Not permissible,Unsure,Not Permissible,Permissible,Permissible,Permissible,Not Permissible,Not Permissible,,Permissible,Permissible,Permissible,,,,Permissible,Permissible,Permissible,,,,3,2,1,,,,,,,,,,,,,,,,,,,,,,,,,,,,,,,,,,,,,1960,Male,,,,,,,White,,,,,,,,migraine,678404,,,,1,1,
2021-05-16 08:28:29,2021-05-16 08:34:33,IP Address,67.247.68.1,100,364,True,2021-05-16 08:34:33,R_3EgLpltzGS5M8R8,,,,,43.0641937255859375,-74.3339996337890625,anonymous,EN,9.784,151.281,152.1,16,Permissible,Permissible,Permissible,Permissible,Permissible,Permissible,Permissible,Permissible,Permissible,Permissible,Permissible,Permissible,Permissible,,,Permissible,,Permissible,Permissible,,,Permissible,,Permissible,1,,,3,,2,,,,,,,,,,,,,,,,,,,,,,,,,,,,,,,,,,,1993,Male,,,,,,,White,,,,,,,,mild anxiety,959369,,,1,,1,
2021-05-16 08:34:37,2021-05-16 08:36:17,IP Address,73.173.103.253,100,100,True,2021-05-16 08:36:17,R_3Rlrf9XK36NPg7f,,,,,39.21240234375,-76.87760162353515625,anonymous,EN,,,,,,,,,,,,,,,,,,,,,,,,,,,,,,,,,,,4.925,4.925,44.518,1,Permissible,Permissible,Permissible,Permissible,Not permissible,Not permissible,Permissible,Permissible,Permissible,Permissible,Not Permissible,Not Permissible,,,Permissible,Permissible,,Not permissible,,,Permissible,Permissible,,Not Permissible,,,2,1,,3,1994,Male,,,,,,,White,,,,,,,,migraine,452654,,,,1,,1
2021-05-16 08:34:34,2021-05-16 08:36:20,IP Address,208.221.33.198,100,105,True,2021-05-16 08:36:20,R_3I3lmNo05p3Vchv,,,,,37.751007080078125,-97.82199859619140625,anonymous,EN,,,,,,,,,,,,,,,,,,,,,,,,,,,,,,,,,,,8.949,34.302,36.718,12,Unsure,Permissible,Unsure,Permissible,Unsure,Permissible,Unsure,Unsure,Permissible,Unsure,Unsure,Not Permissible,,Unsure,,Unsure,Permissible,,,Unsure,,Unsure,Unsure,,,1,,3,2,,1985,Male,,,,,,,White,,,,,,,Good survey,mild anxiety,282576,,,1,,,1
2021-05-16 08:34:10,2021-05-16 08:37:00,IP Address,73.207.115.107,100,170,True,2021-05-16 08:37:00,R_25tI97vP1bL4XiG,,,,,34.07470703125,-84.59529876708984375,anonymous,EN,7.456,61.61,76.6,17,Permissible,Not permissible,Permissible,Not permissible,Permissible,Unsure,Not Permissible,Permissible,Not Permissible,Permissible,Permissible,Permissible,Permissible,Not permissible,,,Permissible,,Not Permissible,Permissible,,,Permissible,,3,1,,,2,,,,,,,,,,,,,,,,,,,,,,,,,,,,,,,,,,,,1988,Male,,,,,,,White,,,,,,,,acute schizophrenia,545696,,1,,,1,
2021-05-16 08:34:58,2021-05-16 08:37:20,IP Address,63.75.254.239,100,142,True,2021-05-16 08:37:20,R_1pEhjwfVB8VZCyZ,,,,,39.610198974609375,-75.6746978759765625,anonymous,EN,1.896,1.896,6.482,1,Permissible,Unsure,Not permissible,Unsure,Not permissible,Unsure,Unsure,Unsure,Unsure,Unsure,Unsure,Unsure,,,Not permissible,Unsure,,Unsure,,,Unsure,Unsure,,Unsure,,,2,3,,1,,,,,,,,,,,,,,,,,,,,,,,,,,,,,,,,,,,1991,Male,,,,,,,,,,Asian,,,,GOOD,mild anxiety,798830,,,1,,1,
2021-05-16 08:32:59,2021-05-16 08:37:27,IP Address,89.187.171.228,100,267,True,2021-05-16 08:37:27,R_3gSmDXlkNrczpfB,,,,,37.751007080078125,-97.82199859619140625,anonymous,EN,,,,,,,,,,,,,,,,,,,,,,,,,,,,,,,,,,,26.558,83.364,99.655,17,Not permissible,Permissible,Permissible,Permissible,Not permissible,Permissible,Not Permissible,Permissible,Permissible,Permissible,Not Permissible,Permissible,,,Permissible,,Not permissible,Permissible,,,Permissible,,Not Permissible,Permissible,,,2,,1,3,1985,,Female,,,,,,,,,Asian,,,,,acute schizophrenia,157841,,1,,,,1
2021-05-16 08:35:00,2021-05-16 08:37:27,IP Address,63.75.248.156,100,146,True,2021-05-16 08:37:27,R_3sh4IEfmgHiesjv,,,,,39.610198974609375,-75.6746978759765625,anonymous,EN,,,,,,,,,,,,,,,,,,,,,,,,,,,,,,,,,,,6.676,18.415,19.768,4,Unsure,Unsure,Unsure,Unsure,Not permissible,Unsure,Permissible,Unsure,Not Permissible,Unsure,Unsure,Unsure,,Unsure,Unsure,,Unsure,,,Not Permissible,Unsure,,Permissible,,,2,3,,1,,1991,Male,,,,,,,,,,Asian,,,,good,mild anxiety,932347,,,1,,,1
2021-05-16 08:35:11,2021-05-16 08:37:59,IP Address,196.17.65.43,100,168,True,2021-05-16 08:38:00,R_1gef2aLIR82kqWZ,,,,,34.0543975830078125,-118.2440032958984375,anonymous,EN,23.219,59.562,60.608,13,Permissible,Permissible,Permissible,Permissible,Permissible,Permissible,Permissible,Permissible,Permissible,Permissible,Permissible,Permissible,,Permissible,Permissible,,Permissible,,,Permissible,Permissible,,Permissible,,,1,3,,2,,,,,,,,,,,,,,,,,,,,,,,,,,,,,,,,,,,,1992,Male,,,,,,,White,,,,,,,No,migraine,279813,,,,1,1,
2021-05-16 08:27:59,2021-05-16 08:38:04,IP Address,12.198.49.126,100,605,True,2021-05-16 08:38:05,R_2fATsy9E8m0WFA0,,,,,32.720306396484375,-117.1551971435546875,anonymous,EN,19.517,181.979,184.559,16,Unsure,Not permissible,Unsure,Permissible,Unsure,Not permissible,Unsure,Permissible,Unsure,Permissible,Not Permissible,Not Permissible,,,Unsure,,Not permissible,Not permissible,,,Unsure,,Not Permissible,Not Permissible,,,2,,1,3,,,,,,,,,,,,,,,,,,,,,,,,,,,,,,,,,,,1992,,Female,,,,,,White,,,,,,,N/A,migraine,850317,,,,1,1,
2021-05-16 08:28:09,2021-05-16 08:38:24,IP Address,70.179.211.39,100,615,True,2021-05-16 08:38:24,R_3hbitaJFDPWr1EK,,,,,39.132904052734375,-95.702301025390625,anonymous,EN,,,,,,,,,,,,,,,,,,,,,,,,,,,,,,,,,,,23.603,61.255,62.845,12,Unsure,Permissible,Permissible,Permissible,Not permissible,Unsure,Unsure,Permissible,Permissible,Permissible,Not Permissible,Unsure,,Permissible,,Permissible,Not permissible,,,Permissible,,Permissible,Not Permissible,,,2,,1,3,,1972,,Female,,,,,,White,Black or African American,,,,,,"Many patients today have detailed medical directives set up ahead of time. If I was a care giver, I'd want to know if said directives were in place and how much leeway I had in my decision making abilities.",acute schizophrenia,354402,,1,,,,1
2021-05-16 08:38:31,2021-05-16 08:39:35,IP Address,76.185.187.47,100,64,True,2021-05-16 08:39:35,R_3sADXMmXruNIVJI,,,,,29.4246978759765625,-98.46209716796875,anonymous,EN,12.835,27.451,28.496,13,Not permissible,Permissible,Permissible,Permissible,Not permissible,Permissible,Not Permissible,Permissible,Permissible,Permissible,Not Permissible,Permissible,Not permissible,,Permissible,Permissible,,,Not Permissible,,Permissible,Permissible,,,2,,1,3,,,,,,,,,,,,,,,,,,,,,,,,,,,,,,,,,,,,,1981,Male,,,,,,,,,,,,Other,arab mexican,,migraine,572045,,,,1,1,
2021-05-16 08:40:09,2021-05-16 08:41:05,IP Address,1.23.249.75,100,56,True,2021-05-16 08:41:08,R_1pVVPuskumzNVak,,,,,19.074798583984375,72.8856048583984375,anonymous,EN,,,,,,,,,,,,,,,,,,,,,,,,,,,,,,,,,,,3.566,14.539,15.676,14,Permissible,Permissible,Unsure,Unsure,Unsure,Unsure,Permissible,Permissible,Unsure,Unsure,Not Permissible,Not Permissible,Permissible,Permissible,,,,Unsure,Unsure,Permissible,,,,Permissible,1,2,,,,3,1990,Male,,,,,,,,,American Indian or Alaska Native,,,,,,mild anxiety,530293,,,1,,,1
2021-05-16 08:42:59,2021-05-16 08:44:36,IP Address,184.187.152.88,100,96,True,2021-05-16 08:44:36,R_2TM17oR9eLg1M0B,,,,,30.235992431640625,-92.00749969482421875,anonymous,EN,2.416,9.326,10.697,15,Unsure,Not permissible,Unsure,Unsure,Not permissible,Unsure,Permissible,Unsure,Not Permissible,Unsure,Permissible,Unsure,Not permissible,Permissible,,,Unsure,,Unsure,Unsure,,,Not Permissible,,3,1,,,2,,,,,,,,,,,,,,,,,,,,,,,,,,,,,,,,,,,,1982,,Female,,,,,,,Black or African American,,,,,,good,migraine,890933,,,,1,1,
2021-05-16 08:43:26,2021-05-16 08:45:22,IP Address,68.8.163.160,100,115,True,2021-05-16 08:45:22,R_1nNmHxgyg2CnVk2,,,,,32.7104034423828125,-117.05279541015625,anonymous,EN,16.544,32.204,35.88,15,Not permissible,Permissible,Permissible,Permissible,Not permissible,Not permissible,Not Permissible,Permissible,Permissible,Permissible,Not Permissible,Not Permissible,,,Permissible,Permissible,,Not permissible,,,Permissible,Permissible,,Not Permissible,,,3,1,,2,,,,,,,,,,,,,,,,,,,,,,,,,,,,,,,,,,,1982,Male,,,,,,,White,,,,,,,,mild anxiety,269114,,,1,,1,
2021-05-16 08:42:30,2021-05-16 08:45:28,IP Address,74.89.203.50,100,178,True,2021-05-16 08:45:29,R_2qeKnBSmyxANSho,,,,,41.145904541015625,-72.28759765625,anonymous,EN,0.792,57.076,57.658,26,Permissible,Permissible,Permissible,Permissible,Permissible,Permissible,Unsure,Permissible,Permissible,Permissible,Not Permissible,Not Permissible,,,Permissible,,Permissible,Permissible,,,Permissible,,Not Permissible,Not Permissible,,,1,,2,3,,,,,,,,,,,,,,,,,,,,,,,,,,,,,,,,,,,1968,Male,,,,,,,White,,,,,,,Thanks good luck with your work,mild anxiety,679136,,,1,,1,
2021-05-16 08:42:54,2021-05-16 08:46:12,IP Address,106.195.33.86,100,197,True,2021-05-16 08:46:12,R_26gx5XixmBJzgN9,,,,,11.0142059326171875,76.994110107421875,anonymous,EN,,,,,,,,,,,,,,,,,,,,,,,,,,,,,,,,,,,32.183,58.03,71.172,16,Permissible,Permissible,Unsure,Permissible,Unsure,Permissible,Unsure,Permissible,Permissible,Unsure,Permissible,Unsure,,Permissible,Unsure,,Permissible,,,Unsure,Not Permissible,,Permissible,,,1,2,,3,,1986,,Female,,,,,,,,,Asian,,,,very good study,acute schizophrenia,213713,,1,,,,1
2021-05-16 08:44:33,2021-05-16 08:46:29,IP Address,206.54.198.154,100,116,True,2021-05-16 08:46:29,R_AdqsgozRvV7hDwd,,,,,29.5720062255859375,-95.54000091552734375,anonymous,EN,,,,,,,,,,,,,,,,,,,,,,,,,,,,,,,,,,,14.504,33.336,34.045,12,Unsure,Permissible,Permissible,Permissible,Not permissible,Permissible,Unsure,Permissible,Permissible,Permissible,Not Permissible,Permissible,,Permissible,Permissible,,Not permissible,,,Permissible,Permissible,,Not Permissible,,,2,1,,3,,1990,,Female,,,,,,White,,,,,,,,migraine,127237,,,,1,,1
2021-05-16 08:45:17,2021-05-16 08:46:37,IP Address,72.200.12.231,100,80,True,2021-05-16 08:46:38,R_3O6UEEUIgOdrPvg,,,,,29.9380950927734375,-90.0308990478515625,anonymous,EN,7.812,21.558,22.565,14,Permissible,Unsure,Permissible,Unsure,Permissible,Permissible,Unsure,Unsure,Permissible,Unsure,Permissible,Unsure,Permissible,,Permissible,Unsure,,,Permissible,,Unsure,Permissible,,,1,,2,3,,,,,,,,,,,,,,,,,,,,,,,,,,,,,,,,,,,,,1996,Male,,,,,,,White,,,,,,,nice study,acute schizophrenia,464004,,1,,,1,
2021-05-16 08:45:31,2021-05-16 08:46:44,IP Address,3.82.112.144,100,72,True,2021-05-16 08:46:44,R_3mag3rDo9gFjnSj,,,,,39.048095703125,-77.47280120849609375,anonymous,EN,,,,,,,,,,,,,,,,,,,,,,,,,,,,,,,,,,,2.729,15.966,16.975,16,Unsure,Not permissible,Unsure,Not permissible,Unsure,Not permissible,Unsure,Not Permissible,Not Permissible,Unsure,Not Permissible,Not Permissible,Unsure,,,,Not permissible,Not permissible,Unsure,,,,Not Permissible,Unsure,1,,,,2,3,1954,Male,,,,,,,White,,,,,,,,mild anxiety,266304,,,1,,,1
2021-05-16 08:44:08,2021-05-16 08:47:02,IP Address,65.188.82.148,100,173,True,2021-05-16 08:47:02,R_2AZH39h3TQTboCK,,,,,35.2136993408203125,-81.12200164794921875,anonymous,EN,2.359,36.631,37.838,17,Not permissible,Permissible,Unsure,Permissible,Permissible,Not permissible,Unsure,Unsure,Permissible,Not Permissible,Not Permissible,Not Permissible,,Unsure,Permissible,Unsure,,,,Not Permissible,Not Permissible,Permissible,,,,2,1,3,,,,,,,,,,,,,,,,,,,,,,,,,,,,,,,,,,,,,1978,Male,,,,,,,White,,,,,,,none,acute schizophrenia,300100,,1,,,1,
2021-05-16 08:42:26,2021-05-16 08:48:42,IP Address,187.180.176.76,100,376,True,2021-05-16 08:48:43,R_1eJcpH7plj4tG74,,,,,-23.473602294921875,-47.4425048828125,anonymous,EN,,,,,,,,,,,,,,,,,,,,,,,,,,,,,,,,,,,48.18,78.288,80.46,16,Not permissible,Permissible,Unsure,Permissible,Permissible,Permissible,Not Permissible,Permissible,Permissible,Unsure,Permissible,Unsure,Not permissible,,,Permissible,Permissible,,Not Permissible,,,Permissible,Unsure,,1,,,3,2,,1992,,Female,,,,,,White,,,,,,,I hope in the near future robots can make the company to elderly people and also take care of them.,migraine,115989,,,,1,,1
2021-05-16 08:48:36,2021-05-16 08:50:05,IP Address,12.198.49.131,100,88,True,2021-05-16 08:50:05,R_1OChJ5mqeyUDfR8,,,,,32.720306396484375,-117.1551971435546875,anonymous,EN,,,,,,,,,,,,,,,,,,,,,,,,,,,,,,,,,,,6.478,30.659,38.735,13,Unsure,Not permissible,Unsure,Permissible,Unsure,Not permissible,Unsure,Not Permissible,Unsure,Permissible,Unsure,Not Permissible,Permissible,Unsure,,Unsure,,,Not Permissible,Unsure,,Unsure,,,2,3,,1,,,1989,Male,,,,,,,White,,,,,,,"good ",mild anxiety,453154,,,1,,,1
2021-05-16 08:49:54,2021-05-16 08:51:26,IP Address,65.33.125.243,100,92,True,2021-05-16 08:51:26,R_2Svq1cE7y9jgW5u,,,,,28.020599365234375,-82.4573974609375,anonymous,EN,22.516,34.123,34.963,10,Permissible,Permissible,Permissible,Not permissible,Not permissible,Unsure,Permissible,Permissible,Permissible,Not Permissible,Not Permissible,Unsure,,,Permissible,Not permissible,,Unsure,,,Permissible,Not Permissible,,Unsure,,,1,3,,2,,,,,,,,,,,,,,,,,,,,,,,,,,,,,,,,,,,1992,Male,,,,,,,,Black or African American,,,,,,,migraine,333984,,,,1,1,
2021-05-16 08:44:19,2021-05-16 08:51:28,IP Address,12.198.49.167,100,428,True,2021-05-16 08:51:28,R_2OJyHLS0Fn3dib4,,,,,32.720306396484375,-117.1551971435546875,anonymous,EN,,,,,,,,,,,,,,,,,,,,,,,,,,,,,,,,,,,66.946,294.43,299.106,18,Permissible,Unsure,Not permissible,Permissible,Unsure,Not permissible,Unsure,Permissible,Not Permissible,Unsure,Not Permissible,Unsure,,Unsure,Not permissible,Unsure,,,,Permissible,Not Permissible,Unsure,,,,2,3,1,,,1990,Male,,,,,,,White,,,,,,,good,migraine,793342,,,,1,,1
2021-05-16 08:51:12,2021-05-16 08:52:40,IP Address,103.141.50.22,100,87,True,2021-05-16 08:52:40,R_2q9HE67Nv9WhEfE,,,,,10.9535980224609375,78.081207275390625,anonymous,EN,2.062,11.246,11.872,16,Permissible,Unsure,Permissible,Unsure,Permissible,Unsure,Permissible,Unsure,Permissible,Unsure,Permissible,Unsure,,Unsure,Permissible,Permissible,,,,Permissible,Unsure,Unsure,,,,2,3,1,,,,,,,,,,,,,,,,,,,,,,,,,,,,,,,,,,,,,1996,Male,,,,,,,,,,Asian,,,,na,migraine,633042,,,,1,1,
2021-05-16 08:51:39,2021-05-16 08:52:55,IP Address,24.9.108.48,100,75,True,2021-05-16 08:52:55,R_3P64GNsOOv5CR5X,,,,,39.6562042236328125,-104.78659820556640625,anonymous,EN,,,,,,,,,,,,,,,,,,,,,,,,,,,,,,,,,,,2.953,17.023,17.788,12,Unsure,Not permissible,Permissible,Unsure,Unsure,Permissible,Unsure,Permissible,Unsure,Unsure,Permissible,Not Permissible,,Unsure,Unsure,Permissible,,,,Permissible,Permissible,Unsure,,,,3,1,2,,,1995,Male,,,,,,,White,,,,,,,No comments,mild anxiety,626256,,,1,,,1
2021-05-16 08:43:04,2021-05-16 08:52:43,IP Address,157.46.127.20,100,579,True,2021-05-16 08:53:18,R_2aE7HLd9gZg71kD,,,,,12.89959716796875,80.22088623046875,anonymous,EN,68.489,107.576,108.75,12,Not permissible,Not permissible,Permissible,Permissible,Permissible,Permissible,Not Permissible,Permissible,Permissible,Permissible,Permissible,Permissible,,,,Permissible,Permissible,Permissible,,,,Permissible,Permissible,Permissible,,,,2,1,3,,,,,,,,,,,,,,,,,,,,,,,,,,,,,,,,,,,1991,Male,,,,,,,White,,,,,,,Good survey,mild anxiety,693311,,,1,,1,
2021-05-16 08:42:57,2021-05-16 08:53:27,IP Address,31.207.2.116,100,630,True,2021-05-16 08:53:28,R_3hFt6fsO475yGGI,,,,,38.8939971923828125,-77.0364990234375,anonymous,EN,,,,,,,,,,,,,,,,,,,,,,,,,,,,,,,,,,,194.74,280.067,285.387,14,Not permissible,Permissible,Permissible,Permissible,Unsure,Permissible,Not Permissible,Unsure,Not Permissible,Permissible,Unsure,Unsure,,,Permissible,,Unsure,Unsure,,,Unsure,,Permissible,Permissible,,,2,,1,3,1975,,Female,,,,,,White,,,,,,,,acute schizophrenia,746605,,1,,,,1
2021-05-16 08:53:00,2021-05-16 08:54:19,IP Address,76.168.45.218,100,78,True,2021-05-16 08:54:19,R_2ScrmNhe6GnkTHY,,,,,34.2003021240234375,-118.4044952392578125,anonymous,EN,,,,,,,,,,,,,,,,,,,,,,,,,,,,,,,,,,,3.531,20.099,20.995,12,Unsure,Not permissible,Unsure,Not permissible,Unsure,Unsure,Unsure,Not Permissible,Permissible,Unsure,Unsure,Permissible,Permissible,Not permissible,,,,Unsure,Not Permissible,Unsure,,,,Unsure,2,3,,,,1,1995,Male,,,,,,,White,,,,,,,,migraine,445153,,,,1,,1
2021-05-16 08:51:58,2021-05-16 08:54:36,IP Address,177.192.13.241,100,158,True,2021-05-16 08:54:36,R_C4z7cDhr8TmJmet,,,,,-22.9485015869140625,-43.343597412109375,anonymous,EN,28.502,50.543,51.621,12,Permissible,Permissible,Permissible,Permissible,Permissible,Permissible,Unsure,Permissible,Permissible,Permissible,Permissible,Permissible,,Permissible,Permissible,,Not permissible,,,Permissible,Permissible,,Not Permissible,,,1,3,,2,,,,,,,,,,,,,,,,,,,,,,,,,,,,,,,,,,,,1985,,Female,,,,,,White,,,,,,,,acute schizophrenia,700563,,1,,,1,
2021-05-16 08:55:44,2021-05-16 08:57:59,IP Address,50.231.89.123,100,134,True,2021-05-16 08:57:59,R_3WS7NlnFLGvIgDL,,,,,33.8983001708984375,-84.58930206298828125,anonymous,EN,20.173,57.092,58.634,15,Not permissible,Permissible,Unsure,Permissible,Unsure,Not permissible,Unsure,Permissible,Not Permissible,Unsure,Not Permissible,Unsure,Not permissible,,,Permissible,,Permissible,Unsure,,,Permissible,,Unsure,3,,,2,,1,,,,,,,,,,,,,,,,,,,,,,,,,,,,,,,,,,,1990,Male,,,,,,,White,,,,,,,good,mild anxiety,214434,,,1,,1,
2021-05-16 08:56:08,2021-05-16 08:58:20,IP Address,59.90.244.218,100,131,True,2021-05-16 08:58:21,R_1BVmAl0kbbWphnW,,,,,12.89959716796875,80.22088623046875,anonymous,EN,,,,,,,,,,,,,,,,,,,,,,,,,,,,,,,,,,,22.182,48.744,49.698,14,Not permissible,Unsure,Permissible,Permissible,Permissible,Permissible,Unsure,Permissible,Permissible,Permissible,Permissible,Permissible,,Permissible,,Permissible,Permissible,,,Permissible,,Permissible,Permissible,,,2,,3,1,,1985,,Female,,,,,,,,,Asian,,,,Good task.,acute schizophrenia,602652,,1,,,,1
2021-05-16 08:58:38,2021-05-16 09:00:13,IP Address,50.231.89.175,100,94,True,2021-05-16 09:00:13,R_1GVzQlmtwUaI0Vk,,,,,33.8983001708984375,-84.58930206298828125,anonymous,EN,,,,,,,,,,,,,,,,,,,,,,,,,,,,,,,,,,,4.715,39.571,40.405,23,Not permissible,Unsure,Permissible,Permissible,Unsure,Unsure,Unsure,Unsure,Unsure,Unsure,Not Permissible,Not Permissible,Unsure,,,Not permissible,,Unsure,Permissible,,,Unsure,,Unsure,3,,,2,,1,1992,,Female,,,,,,White,,,,,,,,mild anxiety,525913,,,1,,,1
2021-05-16 08:57:30,2021-05-16 09:00:22,IP Address,75.136.159.132,100,172,True,2021-05-16 09:00:22,R_1QDQzlfsn8bwHvK,,,,,34.5251007080078125,-82.63069915771484375,anonymous,EN,2.926,11.22,67.583,14,Permissible,Not permissible,Unsure,Unsure,Not permissible,Permissible,Unsure,Not Permissible,Unsure,Permissible,Unsure,Not Permissible,,Not permissible,Unsure,,Unsure,,,Permissible,Permissible,,Not Permissible,,,1,3,,2,,,,,,,,,,,,,,,,,,,,,,,,,,,,,,,,,,,,1993,Male,,,,,,,White,,,,,,,,migraine,559805,,,,1,1,
2021-05-16 08:48:57,2021-05-16 09:01:00,IP Address,68.98.76.48,100,723,True,2021-05-16 09:01:01,R_Rz3v4CIXAxMt7fX,,,,,33.3199005126953125,-112.067596435546875,anonymous,EN,1.834,19.752,20.856,21,Unsure,Unsure,Not permissible,Not permissible,Not permissible,Unsure,Permissible,Unsure,Permissible,Unsure,Permissible,Unsure,,Not permissible,Unsure,,,Unsure,,Unsure,Permissible,,,Permissible,,1,3,,,2,,,,,,,,,,,,,,,,,,,,,,,,,,,,,,,,,,,1972,Male,,,,,,,White,,,,,,,nice,acute schizophrenia,448295,,1,,,1,
2021-05-16 08:59:14,2021-05-16 09:04:42,IP Address,63.75.250.215,100,327,True,2021-05-16 09:04:42,R_22VqcCVMkJlB6ju,,,,,39.610198974609375,-75.6746978759765625,anonymous,EN,,,,,,,,,,,,,,,,,,,,,,,,,,,,,,,,,,,5.841,38.206,39.526,13,Permissible,Unsure,Permissible,Permissible,Permissible,Permissible,Unsure,Permissible,Not Permissible,Permissible,Unsure,Not Permissible,Unsure,,Permissible,,,Permissible,Permissible,,Permissible,,,Not Permissible,1,,2,,,3,1985,Male,,,,,,,White,,,,,,,Nice,acute schizophrenia,367133,,1,,,,1
2021-05-16 09:03:24,2021-05-16 09:06:35,IP Address,198.210.79.214,100,191,True,2021-05-16 09:06:35,R_10wkhb9WtTH34yk,,,,,38.87890625,-99.339202880859375,anonymous,EN,22.344,59.741,61.723,12,Not permissible,Permissible,Permissible,Permissible,Not permissible,Permissible,Unsure,Unsure,Permissible,Permissible,Not Permissible,Permissible,,Permissible,,Permissible,,Permissible,,Permissible,,Permissible,,Permissible,,1,,2,,3,,,,,,,,,,,,,,,,,,,,,,,,,,,,,,,,,,,1985,Male,,,,,,,White,,,,,,,,acute schizophrenia,747961,,1,,,1,
2021-05-16 09:05:44,2021-05-16 09:07:03,IP Address,74.79.82.60,100,78,True,2021-05-16 09:07:03,R_3PpYwREcknLTica,,,,,43.4394073486328125,-76.4613037109375,anonymous,EN,5.78,15.63,17.549,13,Permissible,Unsure,Not permissible,Unsure,Permissible,Unsure,Permissible,Permissible,Unsure,Not Permissible,Unsure,Permissible,Permissible,Permissible,,Unsure,,,Not Permissible,Not Permissible,,Unsure,,,3,1,,2,,,,,,,,,,,,,,,,,,,,,,,,,,,,,,,,,,,,,1984,Male,,,,,,,,Black or African American,,,,,,,mild anxiety,982507,,,1,,1,
2021-05-16 09:03:52,2021-05-16 09:07:20,IP Address,186.204.242.85,100,207,True,2021-05-16 09:07:20,R_1l5LV8AJU0vFTjl,,,,,-23.6282958984375,-46.640899658203125,anonymous,EN,,,,,,,,,,,,,,,,,,,,,,,,,,,,,,,,,,,0.602,53.819,54.962,39,Not permissible,Permissible,Permissible,Permissible,Not permissible,Permissible,Unsure,Permissible,Permissible,Permissible,Not Permissible,Permissible,,Permissible,Permissible,Permissible,,,,Permissible,Permissible,Permissible,,,,1,2,3,,,1986,Male,,,,,,,White,,,,,,,,migraine,442552,,,,1,,1
2021-05-16 09:12:16,2021-05-16 09:13:53,IP Address,68.226.100.203,100,96,True,2021-05-16 09:13:53,R_1jE2noxzu7ajFu6,,,,,32.2698974609375,-110.98529815673828125,anonymous,EN,,,,,,,,,,,,,,,,,,,,,,,,,,,,,,,,,,,3.416,19.592,21.631,12,Unsure,Unsure,Not permissible,Permissible,Unsure,Permissible,Unsure,Not Permissible,Unsure,Unsure,Permissible,Unsure,,Unsure,Permissible,Permissible,,,,Not Permissible,Unsure,Unsure,,,,2,1,3,,,1995,Male,,,,,,,White,,,,,,,No comments,migraine,739996,,,,1,,1
2021-05-16 09:19:45,2021-05-16 09:22:13,IP Address,103.58.116.178,100,148,True,2021-05-16 09:22:14,R_yEeZI9x8p1UXD0d,,,,,10.9535980224609375,78.081207275390625,anonymous,EN,23.549,31.414,32.128,16,Not permissible,Permissible,Unsure,Permissible,Unsure,Permissible,Permissible,Unsure,Permissible,Permissible,Permissible,Permissible,Unsure,,Unsure,,,Permissible,Permissible,,Permissible,,,Permissible,1,,3,,,2,,,,,,,,,,,,,,,,,,,,,,,,,,,,,,,,,,,1989,,Female,,,,,,,,,Asian,,,,na,acute schizophrenia,948765,,1,,,1,
2021-05-16 09:27:03,2021-05-16 09:27:42,IP Address,158.101.13.209,100,39,True,2021-05-16 09:27:42,R_AHjUmzXdmXTFUIx,,,,,33.465606689453125,-111.99559783935546875,anonymous,EN,,,,,,,,,,,,,,,,,,,,,,,,,,,,,,,,,,,2.203,8.105,9.356,13,Permissible,Permissible,Permissible,Permissible,Permissible,Permissible,Unsure,Unsure,Not Permissible,Not Permissible,Not Permissible,Not Permissible,,,Permissible,Permissible,,Permissible,,,Not Permissible,Unsure,,Unsure,,,1,3,,2,1992,Male,,,,,,,White,,,,,,,,mild anxiety,982831,,,1,,,1
2021-05-16 09:43:19,2021-05-16 09:46:01,IP Address,49.37.184.66,100,162,True,2021-05-16 09:46:02,R_1CfHcD6mIsk6lBH,,,,,9.962799072265625,76.29638671875,anonymous,EN,8.672,58.012,59.776,18,Not permissible,Permissible,Permissible,Permissible,Not permissible,Not permissible,Not Permissible,Permissible,Permissible,Permissible,Not Permissible,Not Permissible,Not permissible,Permissible,,,Not permissible,,Not Permissible,Permissible,,,Not Permissible,,1,2,,,3,,,,,,,,,,,,,,,,,,,,,,,,,,,,,,,,,,,,1986,Male,,,,,,,,,,Asian,,,,,migraine,145713,,,,1,1,
