,ResponseId,Condition,Action,Actor,Stage,Rating
0,R_036tU5PYeqD9yed,Schizophrenia,Force,Human,Rating 1,2.0
3,R_08Q0JloACQNLCWB,Schizophrenia,Accept,Robot,Rating 1,-3.0
5,R_0BMstpSQRXJr1zb,Anxiety,Force,Robot,Rating 1,-3.0
6,R_0BeVZQhZ8Udj4eR,Schizophrenia,Accept,Human,Rating 1,-1.0
8,R_0HEO3NzqAlGpXlD,Anxiety,Accept,Human,Rating 1,-1.0
11,R_0HcOgxfKcLpC837,Anxiety,Force,Robot,Rating 1,-2.0
12,R_0JHOEzP2dhwD9hT,Anxiety,Force,Human,Rating 1,-2.0
14,R_0UJynnFiQEd9PJD,Schizophrenia,Force,Human,Rating 1,2.0
16,R_0UPHd8jWGbaVZTz,Anxiety,Accept,Human,Rating 1,-1.0
19,R_0ktgcpYaKeVOT7j,Schizophrenia,Force,Robot,Rating 1,1.0
20,R_0pLctgC9q7eqDeN,Schizophrenia,Force,Human,Rating 1,-1.0
23,R_0rfYKdJlY5ijUS5,Anxiety,Force,Robot,Rating 1,-1.0
24,R_10Na5goHPJgh3fP,Schizophrenia,Accept,Human,Rating 1,-1.0
26,R_10SNy3N6PSvwdWr,Schizophrenia,Accept,Human,Rating 1,-3.0
28,R_10V2sNTrMm9rjvT,Schizophrenia,Force,Human,Rating 1,1.0
30,R_10q5BhKtVWe2ot9,Anxiety,Accept,Human,Rating 1,-1.0
33,R_10ximGnXqW2wfoS,Anxiety,Force,Robot,Rating 1,-2.0
34,R_11aVYTEX5jetsMl,Anxiety,Force,Human,Rating 1,0.0
36,R_11cGz3Y3mAVjgSk,Anxiety,Force,Human,Rating 1,-1.0
38,R_11chLEHheIOHnWf,Schizophrenia,Accept,Human,Rating 1,-2.0
41,R_122SreHvAAY19zD,Schizophrenia,Accept,Robot,Rating 1,0.0
43,R_125Cc1QeztXn8Ix,Schizophrenia,Accept,Robot,Rating 1,3.0
45,R_12EfnFUu3nosbEN,Schizophrenia,Accept,Robot,Rating 1,3.0
47,R_12Fs44XCAb1j52v,Schizophrenia,Force,Robot,Rating 1,2.0
48,R_12GajDdAe7cH2iO,Schizophrenia,Accept,Human,Rating 1,1.0
50,R_12Jbz2d8WfJtSvf,Schizophrenia,Force,Human,Rating 1,1.0
53,R_12RnQiIZFogTuic,Anxiety,Force,Robot,Rating 1,-2.0
55,R_12a5c0kNtIShrWL,Anxiety,Force,Robot,Rating 1,-2.0
56,R_12aIm2wkrrhTkc1,Schizophrenia,Accept,Human,Rating 1,-3.0
58,R_12mt8PSWCaDew6w,Schizophrenia,Accept,Human,Rating 1,0.0
61,R_12tExdp15pF7IMA,Anxiety,Force,Robot,Rating 1,0.0
63,R_1BQxDuUMThlYtay,Anxiety,Force,Robot,Rating 1,-2.0
65,R_1BUV864TkbQagPK,Anxiety,Force,Robot,Rating 1,-2.0
66,R_1C268aCTfvOUxZg,Anxiety,Force,Human,Rating 1,-2.0
68,R_1C3E4viN4uf9uCT,Schizophrenia,Force,Human,Rating 1,1.0
70,R_1C8AbBRrlA0kON5,Anxiety,Accept,Human,Rating 1,-2.0
72,R_1CxBEv4jvQEMfpN,Anxiety,Force,Human,Rating 1,1.0
74,R_1DB989v5K4fS5nv,Schizophrenia,Force,Human,Rating 1,-1.0
77,R_1DNF07OtGyqTuQf,Schizophrenia,Force,Robot,Rating 1,-1.0
78,R_1DSg55U1FmhYzoX,Schizophrenia,Force,Human,Rating 1,2.0
81,R_1DqF9yh7hWcaQbz,Anxiety,Accept,Robot,Rating 1,0.0
82,R_1E5wu080CBQbjAk,Schizophrenia,Force,Human,Rating 1,3.0
84,R_1E6bsHjJ4zhnOuq,Schizophrenia,Accept,Human,Rating 1,1.0
86,R_1EYDsmw2278jKfn,Schizophrenia,Accept,Human,Rating 1,-3.0
89,R_1EZfvxn85CRGRDX,Anxiety,Force,Robot,Rating 1,-3.0
90,R_1EaH3SFJJ30BnRb,Anxiety,Force,Human,Rating 1,-1.0
93,R_1Eh5RU2bEcjzS15,Schizophrenia,Accept,Robot,Rating 1,-2.0
94,R_1EjvfYdch9Sk30d,Anxiety,Accept,Human,Rating 1,-2.0
97,R_1F8kF6KIrV80tZz,Anxiety,Accept,Robot,Rating 1,0.0
99,R_1F9Wq3YN7HpWm9B,Anxiety,Accept,Robot,Rating 1,1.0
101,R_1F9e8QzSVM4dxfu,Anxiety,Force,Robot,Rating 1,-3.0
102,R_1FDO0QN0kJegYAS,Schizophrenia,Force,Human,Rating 1,2.0
105,R_1FJ1BEjdHcBSh2a,Anxiety,Accept,Robot,Rating 1,1.0
107,R_1FKAlN1Fq6Rqu9M,Schizophrenia,Accept,Robot,Rating 1,1.0
108,R_1FghHlMFurqU5eO,Schizophrenia,Force,Human,Rating 1,-1.0
110,R_1FkXMZMUPqFu2e1,Schizophrenia,Force,Human,Rating 1,-1.0
113,R_1Fm56deRy2gqeTb,Schizophrenia,Accept,Robot,Rating 1,-2.0
114,R_1Fs4V3fyq676KHO,Schizophrenia,Accept,Human,Rating 1,-3.0
117,R_1FyRW5AAYwAlavi,Schizophrenia,Accept,Robot,Rating 1,-1.0
119,R_1GEovFY9j5BWBTc,Schizophrenia,Accept,Robot,Rating 1,3.0
120,R_1Gw8lnhFhW5r2Hz,Schizophrenia,Accept,Human,Rating 1,-2.0
123,R_1HXCcWd6rAk2Cyt,Anxiety,Force,Robot,Rating 1,-2.0
125,R_1I4yVpX31sRkg0j,Anxiety,Force,Robot,Rating 1,-2.0
127,R_1IGVwQPnmlUongx,Schizophrenia,Accept,Robot,Rating 1,0.0
129,R_1ISMs2iemHT0xLw,Anxiety,Force,Robot,Rating 1,-3.0
131,R_1IWAgu2saA4pdNZ,Anxiety,Accept,Robot,Rating 1,0.0
132,R_1IZ4d3WINt3m0Xj,Anxiety,Force,Human,Rating 1,-3.0
135,R_1IadrV060FEcyit,Schizophrenia,Accept,Robot,Rating 1,0.0
136,R_1IbHiJXsU8YG219,Anxiety,Accept,Human,Rating 1,1.0
138,R_1IgWaO5gDVnywZL,Schizophrenia,Accept,Human,Rating 1,1.0
140,R_1IhKpADOtyrZh7P,Schizophrenia,Force,Human,Rating 1,2.0
143,R_1IhLGxj1Zmeo9D1,Schizophrenia,Force,Robot,Rating 1,-1.0
144,R_1InDSXU8k46L25h,Schizophrenia,Force,Human,Rating 1,-2.0
146,R_1JIuayXdgcCyf1u,Anxiety,Force,Human,Rating 1,2.0
148,R_1K2Nrid9gIVzbNA,Schizophrenia,Force,Human,Rating 1,3.0
151,R_1K7FL3zgteZsD7i,Anxiety,Force,Robot,Rating 1,-2.0
153,R_1Ka6y9SWyQNNUwj,Anxiety,Force,Robot,Rating 1,-1.0
154,R_1KkiSV62ALgkR6w,Schizophrenia,Accept,Human,Rating 1,-3.0
157,R_1KlrKPb3rgG7tQj,Schizophrenia,Force,Robot,Rating 1,1.0
159,R_1Ks4MyEG8rj6YVD,Anxiety,Force,Robot,Rating 1,-1.0
160,R_1Kv5XyEN7ROhJCQ,Schizophrenia,Force,Human,Rating 1,1.0
163,R_1KveWuqnx9eMHTb,Anxiety,Accept,Robot,Rating 1,3.0
164,R_1LBeoHmS46TZRKN,Anxiety,Force,Human,Rating 1,-1.0
167,R_1LCqRPEpxVhZKOa,Anxiety,Force,Robot,Rating 1,-3.0
169,R_1LGxmA8lV8GfOYb,Anxiety,Force,Robot,Rating 1,-2.0
170,R_1LM8xRkYWFIOYb0,Anxiety,Accept,Human,Rating 1,-2.0
173,R_1Ld6ron9bLr5pWt,Anxiety,Accept,Robot,Rating 1,3.0
175,R_1LdqVUh4IewGN9f,Schizophrenia,Force,Robot,Rating 1,0.0
177,R_1LhQypQ2JwvCimz,Anxiety,Accept,Robot,Rating 1,0.0
178,R_1LhXAkAp4KomRPX,Schizophrenia,Accept,Human,Rating 1,-1.0
180,R_1LpP9kh2xSO5sRi,Anxiety,Accept,Human,Rating 1,2.0
183,R_1M0SmqasuFMxghh,Anxiety,Force,Robot,Rating 1,-1.0
184,R_1M5SxU01FfKWpiM,Schizophrenia,Accept,Human,Rating 1,-2.0
187,R_1N9VjFmVQrXM4fw,Schizophrenia,Force,Robot,Rating 1,-1.0
189,R_1Ng1lxtnAuCc8W5,Anxiety,Accept,Robot,Rating 1,-1.0
191,R_1Nk7V3YdKvdNZDP,Anxiety,Force,Robot,Rating 1,-2.0
192,R_1Nspy4aNLlHz824,Anxiety,Accept,Human,Rating 1,-2.0
195,R_1NtC3ScNMgSBLSL,Schizophrenia,Force,Robot,Rating 1,-3.0
196,R_1NyywxukGGZlDa5,Schizophrenia,Force,Human,Rating 1,3.0
199,R_1OZyBGpskHUm0Wq,Anxiety,Force,Robot,Rating 1,0.0
200,R_1OjITYDm5mGmsmU,Anxiety,Force,Human,Rating 1,-3.0
202,R_1Opk9CDG7gqgJJs,Anxiety,Force,Human,Rating 1,2.0
205,R_1OxUQPhCuSCMZMw,Schizophrenia,Force,Robot,Rating 1,0.0
207,R_1P1Qfz7PudkCxYX,Anxiety,Accept,Robot,Rating 1,1.0
208,R_1P8eU037ofvlBE7,Schizophrenia,Accept,Human,Rating 1,-1.0
210,R_1PRYWrxkxyqhKZ8,Schizophrenia,Force,Human,Rating 1,-2.0
212,R_1PdxASUS8jHaRz6,Schizophrenia,Force,Human,Rating 1,-3.0
215,R_1Q4pSFa4XuNcAHl,Schizophrenia,Force,Robot,Rating 1,1.0
217,R_1Q9DtiTcAnsI7cy,Anxiety,Force,Robot,Rating 1,-1.0
219,R_1QDR5eLFxGm00AL,Anxiety,Accept,Robot,Rating 1,1.0
221,R_1QDWXO48tAPQr5f,Anxiety,Force,Robot,Rating 1,-2.0
223,R_1QEk2TjhDQuywLI,Schizophrenia,Force,Robot,Rating 1,-2.0
224,R_1QJETLfIqBzk2gk,Schizophrenia,Accept,Human,Rating 1,-1.0
227,R_1QN2dRyTGZ9gRcf,Schizophrenia,Accept,Robot,Rating 1,0.0
228,R_1Qaq7q9qTRFYLD3,Anxiety,Force,Human,Rating 1,-2.0
230,R_1Qct4S45WMxIX6a,Anxiety,Accept,Human,Rating 1,-1.0
232,R_1QrvM4GIbeN3RMx,Schizophrenia,Accept,Human,Rating 1,1.0
235,R_1QsfdGSWyVmShFi,Schizophrenia,Force,Robot,Rating 1,2.0
237,R_1Qza0GGYgcxrwdL,Anxiety,Force,Robot,Rating 1,-1.0
238,R_1YXbs0M8qMrBb4R,Schizophrenia,Accept,Human,Rating 1,-3.0
241,R_1d0v1DkTvGPiOKq,Schizophrenia,Force,Robot,Rating 1,-2.0
243,R_1d4vuMWnrm6WH1V,Anxiety,Force,Robot,Rating 1,-2.0
244,R_1dHvhLu0Ob88xi3,Schizophrenia,Force,Human,Rating 1,-3.0
246,R_1dLiWTDtfECJmBE,Anxiety,Accept,Human,Rating 1,2.0
248,R_1dN24kVEOuHntCS,Schizophrenia,Accept,Human,Rating 1,-1.0
250,R_1dcC0phimlvACIh,Schizophrenia,Accept,Human,Rating 1,-1.0
252,R_1dhTpwUGbibK5nM,Anxiety,Accept,Human,Rating 1,-3.0
254,R_1diUlDTfMT7CrF9,Schizophrenia,Accept,Human,Rating 1,-1.0
256,R_1dpkW65vzKFtQft,Anxiety,Force,Human,Rating 1,0.0
259,R_1duazyt6rMOGW90,Anxiety,Force,Robot,Rating 1,-1.0
260,R_1dxYKYVH13bVqiu,Anxiety,Accept,Human,Rating 1,-3.0
262,R_1dzUHXkdWVyKPD2,Anxiety,Accept,Human,Rating 1,1.0
264,R_1eFylEQuz6b5bg2,Anxiety,Force,Human,Rating 1,1.0
267,R_1eLQUF5AtDkI0dn,Schizophrenia,Force,Robot,Rating 1,2.0
268,R_1eRbOcL5kbD9A0x,Anxiety,Accept,Human,Rating 1,2.0
270,R_1eUVfGIQQIZrKBK,Anxiety,Force,Human,Rating 1,-1.0
272,R_1eWWAOiSmDokjsY,Anxiety,Force,Human,Rating 1,-3.0
274,R_1er7uXe9KV0Hfn6,Schizophrenia,Force,Human,Rating 1,1.0
276,R_1eraRLLzChzSjI0,Anxiety,Force,Human,Rating 1,-3.0
278,R_1ervrBaTvvpnPiJ,Schizophrenia,Force,Human,Rating 1,3.0
280,R_1exFmU0HYZiNvU1,Anxiety,Force,Human,Rating 1,-3.0
283,R_1f7azIawy8i1At5,Anxiety,Accept,Robot,Rating 1,0.0
285,R_1g8A0OjLjBE1aDu,Anxiety,Accept,Robot,Rating 1,-3.0
287,R_1gAsX7FNPHdfywT,Schizophrenia,Force,Robot,Rating 1,1.0
289,R_1gUv5wH4rTeRBKF,Schizophrenia,Accept,Robot,Rating 1,1.0
290,R_1goKPUZ6xIXff2M,Anxiety,Force,Human,Rating 1,-3.0
292,R_1gtHMWMy8YbBaE8,Anxiety,Force,Human,Rating 1,-2.0
294,R_1gwJGJDVvXhETOU,Schizophrenia,Accept,Human,Rating 1,-2.0
296,R_1gwMBxeJN6faXNb,Anxiety,Accept,Human,Rating 1,-3.0
299,R_1hBerVDuOtDZjl6,Anxiety,Accept,Robot,Rating 1,-3.0
301,R_1hMAWMjYx9TmIw4,Anxiety,Force,Robot,Rating 1,-3.0
302,R_1hMFmMKCduSBIbg,Schizophrenia,Accept,Human,Rating 1,3.0
304,R_1hRJT7u4fTGDgmB,Schizophrenia,Accept,Human,Rating 1,0.0
306,R_1hTlzo9TzpJ1GdG,Anxiety,Force,Human,Rating 1,-3.0
308,R_1i3DRWvazqEAH5C,Schizophrenia,Force,Human,Rating 1,3.0
311,R_1i3P7bCKw9wBw5E,Anxiety,Force,Robot,Rating 1,-2.0
313,R_1iarliUGFcqtuM6,Anxiety,Force,Robot,Rating 1,0.0
315,R_1ie7zolcBKRV1e5,Schizophrenia,Force,Robot,Rating 1,-2.0
316,R_1igifmIoJRuPLmq,Schizophrenia,Accept,Human,Rating 1,-3.0
318,R_1ik5XUwrrY8JVsq,Schizophrenia,Force,Human,Rating 1,1.0
321,R_1irZTkNw2XbqWiw,Schizophrenia,Accept,Robot,Rating 1,-2.0
323,R_1jHslyfBaCtTCRX,Schizophrenia,Accept,Robot,Rating 1,1.0
325,R_1jJT39RVeW8zBfv,Schizophrenia,Force,Robot,Rating 1,-3.0
326,R_1jdnuBHULFfgekz,Anxiety,Force,Human,Rating 1,-3.0
329,R_1jeJtaPcxvbSsEK,Schizophrenia,Accept,Robot,Rating 1,-1.0
330,R_1jlcgmmg7P4eyCS,Schizophrenia,Force,Human,Rating 1,1.0
332,R_1jwxjOHKMB7MwWl,Schizophrenia,Force,Human,Rating 1,-1.0
335,R_1kF7tnhNtdi2wFW,Anxiety,Accept,Robot,Rating 1,2.0
337,R_1kNcqc075E8xdDH,Anxiety,Accept,Robot,Rating 1,-3.0
339,R_1kO1FzrbYaktFCC,Anxiety,Force,Robot,Rating 1,-2.0
341,R_1kSNpj5yhLUm6RJ,Schizophrenia,Force,Robot,Rating 1,-3.0
343,R_1kZmgC4tCdVIYjp,Schizophrenia,Accept,Robot,Rating 1,0.0
345,R_1lcaqGfa5jwQXGt,Schizophrenia,Accept,Robot,Rating 1,0.0
347,R_1lnIH8nq7FJNsAX,Schizophrenia,Force,Robot,Rating 1,-2.0
348,R_1mPHYg4mnb7F86n,Anxiety,Force,Human,Rating 1,2.0
351,R_1mQryo4DRT8M8lJ,Anxiety,Accept,Robot,Rating 1,0.0
352,R_1mUclnUnfIfkhAD,Schizophrenia,Accept,Human,Rating 1,1.0
355,R_1mVGbQu3NZn9Dwr,Schizophrenia,Accept,Robot,Rating 1,3.0
357,R_1mjRdH0uBE7sqcH,Schizophrenia,Force,Robot,Rating 1,1.0
359,R_1mwuCqTjjh0EpJG,Anxiety,Accept,Robot,Rating 1,2.0
361,R_1o7nRtSDhRU2ta5,Schizophrenia,Accept,Robot,Rating 1,3.0
363,R_1o8aIT5sj6cNAhz,Schizophrenia,Force,Robot,Rating 1,-3.0
365,R_1oA7Rmx3ktcjVEH,Anxiety,Accept,Robot,Rating 1,-3.0
367,R_1oBXWyTWpcgMoFw,Anxiety,Force,Robot,Rating 1,2.0
368,R_1ov6789shJ03Imy,Anxiety,Force,Human,Rating 1,3.0
371,R_1owfxPDnqNxDQid,Schizophrenia,Force,Robot,Rating 1,2.0
373,R_1pESDTuNy5w918D,Anxiety,Accept,Robot,Rating 1,3.0
375,R_1pSfcIJCQVgxS9a,Anxiety,Accept,Robot,Rating 1,3.0
376,R_1qVRjK04LrB7R4V,Schizophrenia,Force,Human,Rating 1,2.0
378,R_1qWWzYx8maTADyd,Anxiety,Force,Human,Rating 1,-3.0
380,R_1qXuxnOPnsK3IPB,Schizophrenia,Accept,Human,Rating 1,2.0
383,R_1r2FYq3FrWGCHYQ,Anxiety,Accept,Robot,Rating 1,2.0
385,R_1rHPw3oRqRp3lsl,Anxiety,Accept,Robot,Rating 1,3.0
387,R_1rHbZF16BbHrDXx,Anxiety,Force,Robot,Rating 1,-3.0
389,R_1rjG2JpQE7ZV8eQ,Schizophrenia,Accept,Robot,Rating 1,1.0
390,R_1rkxWzMwB1iUtIi,Anxiety,Accept,Human,Rating 1,-3.0
392,R_20PfR6zcDIUvmcP,Schizophrenia,Force,Human,Rating 1,1.0
394,R_20T1pOBye6W8Ioe,Schizophrenia,Force,Human,Rating 1,2.0
397,R_20Uvb3EtWwqT06N,Anxiety,Force,Robot,Rating 1,-3.0
398,R_211vLcHONSTB0Jp,Anxiety,Accept,Human,Rating 1,-1.0
401,R_214z13glILammHi,Anxiety,Force,Robot,Rating 1,-2.0
403,R_21BulP2lNnyAit5,Schizophrenia,Accept,Robot,Rating 1,-2.0
405,R_21dILMtywlm6QGq,Schizophrenia,Force,Robot,Rating 1,-3.0
407,R_21iV2G5gepwgiaP,Anxiety,Accept,Robot,Rating 1,1.0
408,R_21ik5WKKlm1SPKg,Anxiety,Accept,Human,Rating 1,3.0
410,R_21mLssIHdb3qc7B,Anxiety,Accept,Human,Rating 1,-1.0
413,R_22E5JT6r10cdQqw,Anxiety,Force,Robot,Rating 1,-2.0
414,R_22RquaaBH3Tta4m,Anxiety,Force,Human,Rating 1,-2.0
417,R_22SbBbTU9skZcoP,Anxiety,Force,Robot,Rating 1,2.0
419,R_22X2Qe6L78jTkww,Schizophrenia,Force,Robot,Rating 1,-2.0
421,R_22lVoDP7wwrucpw,Anxiety,Force,Robot,Rating 1,-3.0
423,R_23fOA9WKDDu6K9E,Schizophrenia,Force,Robot,Rating 1,-2.0
425,R_245G8oEJFLK0x4V,Anxiety,Accept,Robot,Rating 1,0.0
426,R_24AA9F94chXx3IE,Schizophrenia,Force,Human,Rating 1,-3.0
429,R_24AuK0ZONQsprml,Schizophrenia,Force,Robot,Rating 1,-1.0
431,R_24FU1tugXFKepcg,Schizophrenia,Accept,Robot,Rating 1,0.0
433,R_24I7wUpj6lexVoS,Schizophrenia,Force,Robot,Rating 1,-1.0
435,R_24px2UsXRxLPBRr,Schizophrenia,Accept,Robot,Rating 1,0.0
436,R_24vfy0CkLsuCVgI,Schizophrenia,Accept,Human,Rating 1,-1.0
438,R_25LUAxptq5jYVBR,Anxiety,Accept,Human,Rating 1,1.0
440,R_25NrHNlZpyVbGGX,Schizophrenia,Accept,Human,Rating 1,-1.0
443,R_25SezlUMI2dnocj,Anxiety,Force,Robot,Rating 1,2.0
444,R_25tkkiBI8DJzvFq,Anxiety,Accept,Human,Rating 1,3.0
446,R_25uzUz6j3kgUTvn,Anxiety,Force,Human,Rating 1,-2.0
449,R_25zO8uME3pp1y4f,Schizophrenia,Force,Robot,Rating 1,-2.0
451,R_25zSmowqeMAtPAF,Schizophrenia,Accept,Robot,Rating 1,-3.0
452,R_25zrpZ2zgKp46HK,Schizophrenia,Force,Human,Rating 1,0.0
455,R_272PZR4ATJyqV9k,Anxiety,Accept,Robot,Rating 1,-3.0
456,R_273GdNseqKcjUpP,Schizophrenia,Accept,Human,Rating 1,-1.0
458,R_27rEn6s6uAlPguM,Anxiety,Accept,Human,Rating 1,2.0
461,R_27wFEqSrGEXDjXB,Schizophrenia,Accept,Robot,Rating 1,3.0
462,R_27xJrIcwwJPKke4,Anxiety,Accept,Human,Rating 1,1.0
465,R_28D7byedpBFStLH,Schizophrenia,Force,Robot,Rating 1,-3.0
466,R_28HEHNMsk49J2IJ,Schizophrenia,Accept,Human,Rating 1,3.0
469,R_28U3a46RWlClNyi,Schizophrenia,Accept,Robot,Rating 1,1.0
470,R_28UoKCtB1kKiHPF,Schizophrenia,Accept,Human,Rating 1,0.0
472,R_291gw9jU7NNpOr9,Anxiety,Force,Human,Rating 1,-3.0
474,R_295DlX7a8tGIqEf,Schizophrenia,Force,Human,Rating 1,2.0
476,R_29aYrBSxdE5eABd,Anxiety,Accept,Human,Rating 1,2.0
479,R_29alPQLjkFzqxOJ,Schizophrenia,Accept,Robot,Rating 1,-2.0
481,R_29dc3YdIfRMGC2t,Anxiety,Force,Robot,Rating 1,-2.0
483,R_29sQ7TfaaXSkKol,Schizophrenia,Accept,Robot,Rating 1,2.0
485,R_2AGS1wWKPk5AZ9c,Schizophrenia,Force,Robot,Rating 1,-3.0
486,R_2AHK2tkwR4c5T7Q,Schizophrenia,Accept,Human,Rating 1,-2.0
488,R_2AQdmKQBfVlLftG,Anxiety,Accept,Human,Rating 1,3.0
491,R_2AXUwW5QCYxdY4T,Schizophrenia,Accept,Robot,Rating 1,0.0
492,R_2B2j7RF9OorXVvd,Anxiety,Accept,Human,Rating 1,-2.0
495,R_2B4k1I7SK5mrxfo,Anxiety,Force,Robot,Rating 1,-2.0
497,R_2B9ylJ8LN7qXKpU,Schizophrenia,Accept,Robot,Rating 1,-3.0
498,R_2BlgN7Fle3TXmCk,Anxiety,Accept,Human,Rating 1,-1.0
500,R_2BlkUqnNNWs4RUX,Schizophrenia,Accept,Human,Rating 1,3.0
502,R_2BmJz6LMnWlLKfu,Schizophrenia,Accept,Human,Rating 1,3.0
504,R_2BmqpkVmZCaVvJC,Schizophrenia,Accept,Human,Rating 1,-3.0
506,R_2Bx2JV1YTtbbqaF,Anxiety,Force,Human,Rating 1,0.0
509,R_2CDHGcmWIOVQiiF,Schizophrenia,Force,Robot,Rating 1,-3.0
510,R_2CIWDGoCc39s4N5,Anxiety,Accept,Human,Rating 1,-1.0
512,R_2CIk9txM1SjHquu,Anxiety,Accept,Human,Rating 1,-1.0
515,R_2CTzl28MISwPbAq,Schizophrenia,Accept,Robot,Rating 1,0.0
517,R_2CjDEU32qiBOVWO,Schizophrenia,Force,Robot,Rating 1,-1.0
518,R_2D17qBab8e4LHQ4,Anxiety,Force,Human,Rating 1,-2.0
520,R_2D1gBUE5Vgk5wLu,Anxiety,Force,Human,Rating 1,-1.0
522,R_2DNRGFCddw4Irrg,Anxiety,Accept,Human,Rating 1,2.0
525,R_2E0ItLwv1x5eF2M,Schizophrenia,Accept,Robot,Rating 1,1.0
527,R_2E3Hcn9Pd0PKgfa,Schizophrenia,Accept,Robot,Rating 1,-1.0
528,R_2EB1N0PxrZ6LhMx,Schizophrenia,Force,Human,Rating 1,2.0
531,R_2EE2B9zaRUEDhG1,Anxiety,Accept,Robot,Rating 1,0.0
532,R_2Eb0eY4x6jlvBwV,Schizophrenia,Accept,Human,Rating 1,-2.0
535,R_2EbprvFcw2ydB4T,Anxiety,Accept,Robot,Rating 1,0.0
537,R_2EgIvOpHyZ4GC94,Schizophrenia,Force,Robot,Rating 1,2.0
539,R_2EjdL2FsFOkUjG1,Schizophrenia,Accept,Robot,Rating 1,0.0
540,R_2ONEzkQuR2TS1Sx,Anxiety,Accept,Human,Rating 1,-3.0
543,R_2OO2ClMbdP6mXCI,Anxiety,Force,Robot,Rating 1,0.0
544,R_2OOo9V1QQN4LlND,Schizophrenia,Accept,Human,Rating 1,-3.0
547,R_2P0U5DLkcvRhmTk,Schizophrenia,Force,Robot,Rating 1,0.0
548,R_2P4MfmLKjjhyjAW,Anxiety,Accept,Human,Rating 1,3.0
551,R_2PBS0YPf54t3zts,Anxiety,Force,Robot,Rating 1,-1.0
553,R_2PjtYv8aPmdqwGr,Schizophrenia,Force,Robot,Rating 1,2.0
554,R_2PjunXcUDMq8tiO,Schizophrenia,Accept,Human,Rating 1,-1.0
557,R_2PkjrTAIMYItU3M,Anxiety,Accept,Robot,Rating 1,0.0
559,R_2PnDDy3ZNdixt1M,Schizophrenia,Force,Robot,Rating 1,-1.0
561,R_2PqhMG85Ly5X962,Anxiety,Accept,Robot,Rating 1,0.0
562,R_2PyQDpMLdscRnmX,Anxiety,Force,Human,Rating 1,-3.0
565,R_2QLCySA2KnrHJTZ,Anxiety,Accept,Robot,Rating 1,3.0
566,R_2QMw3PTSAJwZY2l,Anxiety,Accept,Human,Rating 1,1.0
568,R_2QQBPS5OiJl2NlE,Schizophrenia,Accept,Human,Rating 1,-2.0
570,R_2QYib0VRcK92mEk,Anxiety,Force,Human,Rating 1,-1.0
572,R_2QlaScRVb09QRd9,Schizophrenia,Accept,Human,Rating 1,-2.0
575,R_2QmtTdrFSjeb4fU,Anxiety,Accept,Robot,Rating 1,1.0
577,R_2QnZljuNdg70lUD,Schizophrenia,Accept,Robot,Rating 1,1.0
579,R_2QtjUsWegVZZWxW,Schizophrenia,Accept,Robot,Rating 1,0.0
581,R_2R1E9DM4nZs8R0O,Schizophrenia,Accept,Robot,Rating 1,-1.0
583,R_2R7GWFb2JqHno4Z,Schizophrenia,Accept,Robot,Rating 1,2.0
584,R_2RXoGHZdfvBWoCW,Schizophrenia,Accept,Human,Rating 1,-2.0
587,R_2S6lMjPA3pcV4cD,Schizophrenia,Accept,Robot,Rating 1,0.0
589,R_2SHmKwhkagwbxjT,Anxiety,Accept,Robot,Rating 1,0.0
590,R_2SoDL1Tmw6bgsQ5,Anxiety,Accept,Human,Rating 1,0.0
592,R_2SrE53i1ThhOuo9,Schizophrenia,Accept,Human,Rating 1,2.0
595,R_2TB280UM3rvQ8PO,Anxiety,Force,Robot,Rating 1,-3.0
597,R_2TMqJlmvPcqokST,Schizophrenia,Accept,Robot,Rating 1,-2.0
598,R_2TWUCYmR08dKCnw,Schizophrenia,Force,Human,Rating 1,-2.0
601,R_2TYGJOCO0aZJqd9,Anxiety,Accept,Robot,Rating 1,-3.0
603,R_2TYPr4bUNzfHpmY,Schizophrenia,Force,Robot,Rating 1,2.0
605,R_2TmXZz0Qk5RKB6J,Schizophrenia,Accept,Robot,Rating 1,-2.0
606,R_2TpiUmeRKEznXEm,Anxiety,Force,Human,Rating 1,-3.0
608,R_2U0kROM30Qa1mVG,Schizophrenia,Force,Human,Rating 1,1.0
611,R_2UWtfTy4ajmVj6K,Schizophrenia,Accept,Robot,Rating 1,-1.0
613,R_2UXZROwEb1aCe6b,Schizophrenia,Force,Robot,Rating 1,-2.0
614,R_2UftuH4u7LYHHc4,Schizophrenia,Force,Human,Rating 1,3.0
617,R_2Uit5Y8fD7HZJmI,Schizophrenia,Accept,Robot,Rating 1,-1.0
619,R_2V1KCSPllmn8gzE,Schizophrenia,Accept,Robot,Rating 1,2.0
621,R_2V4373b7VSszpl0,Anxiety,Force,Robot,Rating 1,-3.0
623,R_2V8860GKoJTyMSz,Schizophrenia,Accept,Robot,Rating 1,-2.0
624,R_2VDgzr7U444LCuv,Schizophrenia,Force,Human,Rating 1,0.0
627,R_2VHEyAPsRtUEhPf,Anxiety,Accept,Robot,Rating 1,1.0
629,R_2VaSSOzmihJzUbK,Schizophrenia,Accept,Robot,Rating 1,0.0
630,R_2VluJq2qfmNk4bW,Anxiety,Force,Human,Rating 1,-3.0
632,R_2VqCt3W5cixUmbk,Schizophrenia,Accept,Human,Rating 1,-3.0
634,R_2WCLDBHTvU3R7Ju,Schizophrenia,Accept,Human,Rating 1,-2.0
637,R_2WD8YlcCUpedYBC,Anxiety,Force,Robot,Rating 1,-2.0
638,R_2WN0tlbevYdZ0XI,Schizophrenia,Force,Human,Rating 1,0.0
641,R_2WUXPWjtG1yzebe,Schizophrenia,Accept,Robot,Rating 1,0.0
642,R_2Wu9LmRi6AF9w33,Schizophrenia,Force,Human,Rating 1,1.0
645,R_2Wuo25C8Us07KKf,Anxiety,Accept,Robot,Rating 1,2.0
646,R_2Wvs5Bmpfu5nJgr,Schizophrenia,Force,Human,Rating 1,1.0
649,R_2X56njpdbuoYoCZ,Anxiety,Force,Robot,Rating 1,-3.0
650,R_2X5MLXTnPePVmJl,Anxiety,Accept,Human,Rating 1,0.0
652,R_2X5uVc5LBtWa1Zy,Anxiety,Accept,Human,Rating 1,0.0
655,R_2XakXvT3aY1qEDD,Schizophrenia,Force,Robot,Rating 1,0.0
656,R_2XdOzNl92TBIUAn,Schizophrenia,Accept,Human,Rating 1,-2.0
659,R_2XhftvQmvs15Oa8,Anxiety,Accept,Robot,Rating 1,-2.0
661,R_2XplI0zoVWfA0L1,Schizophrenia,Accept,Robot,Rating 1,-2.0
662,R_2Y2KuhgwSMttken,Schizophrenia,Force,Human,Rating 1,1.0
664,R_2YJ6FOigPqzDw94,Schizophrenia,Accept,Human,Rating 1,-3.0
667,R_2YLeqdzeQgPsyrH,Schizophrenia,Force,Robot,Rating 1,-2.0
669,R_2YyOj7QYdsyEszc,Anxiety,Force,Robot,Rating 1,-3.0
670,R_2ZTGlspu5YOIoSK,Schizophrenia,Accept,Human,Rating 1,-2.0
672,R_2ZUgIdjF9lyPolB,Schizophrenia,Accept,Human,Rating 1,0.0
675,R_2a90FZCz1nUWn3O,Anxiety,Accept,Robot,Rating 1,3.0
676,R_2a9mAGDcDAHvvU5,Anxiety,Force,Human,Rating 1,-3.0
679,R_2abIUC5Q690ffm5,Anxiety,Accept,Robot,Rating 1,0.0
680,R_2an1IpZTGn3of3E,Anxiety,Force,Human,Rating 1,-1.0
683,R_2atLop1JHw70z8n,Schizophrenia,Force,Robot,Rating 1,-1.0
684,R_2b34tZdh2zom5n4,Schizophrenia,Force,Human,Rating 1,2.0
687,R_2bWqhIWA7HvADUN,Schizophrenia,Accept,Robot,Rating 1,-2.0
689,R_2bWxehtyiyXc3Ls,Anxiety,Force,Robot,Rating 1,-3.0
691,R_2bZQeJiieKk213W,Schizophrenia,Accept,Robot,Rating 1,-3.0
693,R_2c0f4ImPpVRR2oa,Anxiety,Force,Robot,Rating 1,2.0
694,R_2c1NxpFaJUNku4a,Anxiety,Force,Human,Rating 1,-2.0
696,R_2c88W71SPUoPSLf,Schizophrenia,Accept,Human,Rating 1,-3.0
698,R_2c8wrbtprH1OHeC,Schizophrenia,Force,Human,Rating 1,-1.0
701,R_2cBZyG2YLDHBps2,Schizophrenia,Accept,Robot,Rating 1,0.0
702,R_2cC6HwPp6AX0BsH,Schizophrenia,Force,Human,Rating 1,1.0
705,R_2cb95bdFXGezsle,Anxiety,Accept,Robot,Rating 1,3.0
707,R_2cc4c6kz6DICqEo,Schizophrenia,Accept,Robot,Rating 1,1.0
709,R_2cjT86vDH7hkW5I,Schizophrenia,Accept,Robot,Rating 1,-1.0
710,R_2coxzH6GpaKTd0p,Schizophrenia,Accept,Human,Rating 1,3.0
713,R_2csslgqgzt5yzyV,Anxiety,Accept,Robot,Rating 1,1.0
714,R_2cu6nDuLInRGxU3,Anxiety,Accept,Human,Rating 1,3.0
716,R_2dA6nfXFjq1A0G6,Anxiety,Force,Human,Rating 1,3.0
718,R_2di3EDVM4FKbu8g,Schizophrenia,Accept,Human,Rating 1,0.0
720,R_2dtoAkXifPOZjbo,Schizophrenia,Accept,Human,Rating 1,2.0
723,R_2dvjqrykvkUuLVa,Schizophrenia,Force,Robot,Rating 1,2.0
725,R_2e5d1J7LzNNNhP5,Anxiety,Force,Robot,Rating 1,-3.0
726,R_2eb7zM3DAmfkIti,Schizophrenia,Force,Human,Rating 1,-1.0
728,R_2f3CMfwbK9EIM0g,Anxiety,Force,Human,Rating 1,-3.0
731,R_2f9ibBqjEG2qQYx,Schizophrenia,Force,Robot,Rating 1,-2.0
732,R_2fJKl26GfLUb0bC,Schizophrenia,Force,Human,Rating 1,0.0
734,R_2fJxfZW0aqnoJ0z,Schizophrenia,Force,Human,Rating 1,2.0
736,R_2fKhVZ2xSLR3VYk,Anxiety,Force,Human,Rating 1,-1.0
739,R_2fdj1jhuefDbi3d,Anxiety,Force,Robot,Rating 1,0.0
741,R_2frnCYyCXx8GCOi,Schizophrenia,Force,Robot,Rating 1,-2.0
742,R_2fvNt9Pn7z2c7qP,Schizophrenia,Force,Human,Rating 1,1.0
744,R_2fxNXiSudoUJPY2,Schizophrenia,Force,Human,Rating 1,-2.0
747,R_2fxqhJSzZXqQSgr,Schizophrenia,Force,Robot,Rating 1,1.0
748,R_2gxMyBAjonu5o6R,Anxiety,Accept,Human,Rating 1,2.0
751,R_2o7S4MtCLz9tc8V,Schizophrenia,Force,Robot,Rating 1,2.0
752,R_2pXeIudEOrKJGs1,Anxiety,Accept,Human,Rating 1,3.0
755,R_2qeZ6vh0gQa1CCB,Schizophrenia,Force,Robot,Rating 1,1.0
756,R_2qkKjd4ysBhyjc2,Anxiety,Accept,Human,Rating 1,2.0
759,R_2qpxc6bQq7Bi3sE,Schizophrenia,Accept,Robot,Rating 1,-2.0
760,R_2qqid9H4OuupMrx,Anxiety,Accept,Human,Rating 1,0.0
762,R_2qrZdtwgc5FF8E5,Anxiety,Accept,Human,Rating 1,2.0
765,R_2rAe5HhFEZneCFD,Anxiety,Force,Robot,Rating 1,1.0
767,R_2rCKTZicvBPTNw6,Anxiety,Accept,Robot,Rating 1,0.0
768,R_2rNOi549kCQLymF,Schizophrenia,Force,Human,Rating 1,1.0
771,R_2rON8En00y8hXIN,Schizophrenia,Force,Robot,Rating 1,1.0
773,R_2rPFsO30Zm1M0DA,Anxiety,Accept,Robot,Rating 1,2.0
774,R_2rkXCbAhMXzOrxO,Anxiety,Force,Human,Rating 1,-1.0
776,R_2s0UER0g6DJaOoM,Anxiety,Accept,Human,Rating 1,-3.0
778,R_2s1J2FYzmykIebs,Schizophrenia,Accept,Human,Rating 1,-3.0
780,R_2s4Pa3FwYHoz95Y,Schizophrenia,Force,Human,Rating 1,3.0
783,R_2s54g5x73gVgOaX,Schizophrenia,Accept,Robot,Rating 1,3.0
785,R_2s59UzXq4R3ARR0,Anxiety,Accept,Robot,Rating 1,1.0
786,R_2s7S0tcRcNpmOc1,Schizophrenia,Force,Human,Rating 1,3.0
789,R_2sX4wl2Z6EnuufB,Anxiety,Accept,Robot,Rating 1,0.0
791,R_2sZmOLzxyslMWLc,Anxiety,Accept,Robot,Rating 1,2.0
793,R_2t1YoPUXaKo3nm9,Schizophrenia,Force,Robot,Rating 1,1.0
795,R_2t4pDQZPuICLAm8,Schizophrenia,Force,Robot,Rating 1,0.0
797,R_2t5A0jrUXiG0vbC,Anxiety,Accept,Robot,Rating 1,3.0
799,R_2tA7EeaFSnk8FHS,Anxiety,Force,Robot,Rating 1,-3.0
800,R_2tKDexSKIF2XHxm,Anxiety,Accept,Human,Rating 1,1.0
803,R_2tat7yAywJgmOPL,Schizophrenia,Accept,Robot,Rating 1,-2.0
804,R_2tmoi46if4tSdTY,Anxiety,Force,Human,Rating 1,2.0
806,R_2trloWonwfuGnwg,Schizophrenia,Accept,Human,Rating 1,-3.0
808,R_2tupyzsmqeVUsi5,Anxiety,Accept,Human,Rating 1,1.0
811,R_2uD7me8YpKECJ55,Schizophrenia,Force,Robot,Rating 1,1.0
813,R_2uEsutYMCFTU8wW,Schizophrenia,Accept,Robot,Rating 1,-1.0
814,R_2uJvL5wYbmBsJ3r,Schizophrenia,Force,Human,Rating 1,1.0
817,R_2uJw2G7BQ3Y9VEE,Anxiety,Force,Robot,Rating 1,-3.0
818,R_2uP1whDsmrnfUwM,Anxiety,Accept,Human,Rating 1,2.0
821,R_2uWGYs0nc4SIDCV,Schizophrenia,Force,Robot,Rating 1,-3.0
823,R_2uq8Buzh2W8UUcR,Anxiety,Force,Robot,Rating 1,-2.0
824,R_2ur0R6A8wyP7a7k,Anxiety,Accept,Human,Rating 1,1.0
826,R_2uvTIlmCLErT408,Anxiety,Force,Human,Rating 1,-1.0
828,R_2v9aNNIpPcgJ53t,Anxiety,Accept,Human,Rating 1,0.0
831,R_2v9bsn4Ob8ELRdC,Anxiety,Accept,Robot,Rating 1,0.0
833,R_2w4s0L1S2I2IUW2,Anxiety,Accept,Robot,Rating 1,1.0
834,R_2w5BC275tME5q0m,Anxiety,Force,Human,Rating 1,-1.0
836,R_2w5MkMTDRkpTXmB,Anxiety,Accept,Human,Rating 1,1.0
838,R_2w77Gb5ezSll57f,Anxiety,Force,Human,Rating 1,2.0
841,R_2wACZcKg7jm1daJ,Schizophrenia,Accept,Robot,Rating 1,-3.0
843,R_2wEvJXfzklLmfo7,Anxiety,Accept,Robot,Rating 1,3.0
845,R_2wRILtwOJzw2GJn,Anxiety,Force,Robot,Rating 1,3.0
846,R_2wa7mz89D78qAGR,Schizophrenia,Force,Human,Rating 1,-1.0
848,R_2wnTWNsDs5UeVhE,Anxiety,Force,Human,Rating 1,-1.0
850,R_2wnpOMEyGsLeKsG,Schizophrenia,Accept,Human,Rating 1,2.0
852,R_2woS5TJe9rjxbQs,Anxiety,Accept,Human,Rating 1,3.0
854,R_2woiMurwNhKprHc,Schizophrenia,Force,Human,Rating 1,3.0
856,R_2wvLIsVh79QtZ1S,Anxiety,Accept,Human,Rating 1,0.0
859,R_2xOTsdutjlIjX9v,Schizophrenia,Accept,Robot,Rating 1,0.0
860,R_2xPGxU8PtUoPoSU,Schizophrenia,Force,Human,Rating 1,1.0
863,R_2y18utsGQ1GqPkV,Schizophrenia,Accept,Robot,Rating 1,-1.0
864,R_2y2uCz36VIDJk3T,Anxiety,Force,Human,Rating 1,-3.0
866,R_2ypf7Q5c5YnMm8q,Anxiety,Accept,Human,Rating 1,-1.0
868,R_2z5PnNv01kvZ1Kp,Schizophrenia,Accept,Human,Rating 1,0.0
871,R_2z5tNcRvFPnRAXw,Anxiety,Accept,Robot,Rating 1,3.0
873,R_2zMC0qyJMqtDFmg,Schizophrenia,Accept,Robot,Rating 1,0.0
874,R_2zr0nMjPLIfgYrt,Anxiety,Force,Human,Rating 1,-3.0
876,R_300gOn9uhlXgK8u,Schizophrenia,Accept,Human,Rating 1,1.0
878,R_30681Znb8cFKzeX,Anxiety,Force,Human,Rating 1,-1.0
881,R_30bKdLklGtjAu60,Schizophrenia,Force,Robot,Rating 1,-3.0
882,R_30dEvjKjqqYE4r6,Anxiety,Force,Human,Rating 1,-2.0
885,R_30hOsB1hO9dDBXm,Anxiety,Accept,Robot,Rating 1,2.0
886,R_30hRz7OUhNRY9bn,Schizophrenia,Accept,Human,Rating 1,2.0
888,R_31BI8nv3tMwKoom,Anxiety,Accept,Human,Rating 1,1.0
890,R_31FeecHnovWzBhU,Anxiety,Accept,Human,Rating 1,0.0
892,R_31GDLFig5mbSQi2,Schizophrenia,Force,Human,Rating 1,-1.0
895,R_31Nldcl0J92635P,Anxiety,Force,Robot,Rating 1,-3.0
896,R_31YFMe91RvyaAbE,Anxiety,Accept,Human,Rating 1,-1.0
899,R_31ZBkWEJrLRwPLr,Anxiety,Accept,Robot,Rating 1,-3.0
900,R_31bFE0z0yy3nkqF,Anxiety,Accept,Human,Rating 1,1.0
902,R_31bawDJb8NJICtv,Anxiety,Accept,Human,Rating 1,0.0
905,R_322wjzFk32D58vj,Schizophrenia,Accept,Robot,Rating 1,3.0
906,R_32YjyZhMRWBkj7G,Schizophrenia,Accept,Human,Rating 1,3.0
908,R_339XRnv1uBgAbaF,Anxiety,Accept,Human,Rating 1,0.0
910,R_33BdMbWJmtmz0Dx,Anxiety,Accept,Human,Rating 1,-1.0
912,R_33DuRLYub5HKy9t,Anxiety,Force,Human,Rating 1,-1.0
915,R_33dtUMFkvI0jlNU,Schizophrenia,Force,Robot,Rating 1,2.0
916,R_33kHyFvix0eNHqe,Anxiety,Force,Human,Rating 1,2.0
918,R_33qyxy0LOZNTb2l,Anxiety,Accept,Human,Rating 1,-1.0
921,R_33shMmvTa12GEir,Schizophrenia,Accept,Robot,Rating 1,3.0
922,R_3CTvP0xWsnPXgYk,Anxiety,Accept,Human,Rating 1,3.0
925,R_3CTzjHVs3xSWPIQ,Schizophrenia,Accept,Robot,Rating 1,0.0
927,R_3D5Alw8JOm6gUv3,Schizophrenia,Force,Robot,Rating 1,1.0
928,R_3Dbb8Mdbkq1Hf0E,Schizophrenia,Force,Human,Rating 1,0.0
931,R_3DuXFS8HMITWlHv,Anxiety,Accept,Robot,Rating 1,2.0
933,R_3EG4Dn7YH5VZvdQ,Schizophrenia,Accept,Robot,Rating 1,2.0
935,R_3EGQIOElnrz4q2t,Anxiety,Accept,Robot,Rating 1,3.0
936,R_3Ea0LQ4aC1GhtU1,Schizophrenia,Accept,Human,Rating 1,0.0
939,R_3EhayHR8hZ6PD3X,Anxiety,Accept,Robot,Rating 1,-1.0
940,R_3EyWsATpIMKo14Y,Schizophrenia,Accept,Human,Rating 1,1.0
942,R_3EzNPg8QlbACcZz,Schizophrenia,Force,Human,Rating 1,0.0
945,R_3FOhO90ALQaDbv6,Anxiety,Accept,Robot,Rating 1,0.0
947,R_3GdhQEX2U2KZ4X8,Schizophrenia,Accept,Robot,Rating 1,3.0
948,R_3GprTSQs8R3jH7v,Schizophrenia,Accept,Human,Rating 1,-3.0
950,R_3GqDmPb4HqNd97R,Schizophrenia,Accept,Human,Rating 1,0.0
953,R_3Gv056KJ4nepwO0,Anxiety,Accept,Robot,Rating 1,0.0
954,R_3HB1S6VzTs9flzp,Anxiety,Accept,Human,Rating 1,3.0
956,R_3HBxbJI8zBOZ2QX,Anxiety,Accept,Human,Rating 1,-2.0
959,R_3HFAH158s9rjGjD,Schizophrenia,Force,Robot,Rating 1,-2.0
961,R_3HFewE2eVqRX4p8,Anxiety,Accept,Robot,Rating 1,3.0
963,R_3HUHfNAZ7COZiMv,Schizophrenia,Force,Robot,Rating 1,-1.0
965,R_3Hi5gKNPjgqADDH,Anxiety,Accept,Robot,Rating 1,1.0
967,R_3Hn3xgaaC30XVcT,Schizophrenia,Accept,Robot,Rating 1,3.0
969,R_3HuJI3vLojKDkLb,Anxiety,Accept,Robot,Rating 1,3.0
970,R_3IAQz6SiKbvA4Xn,Schizophrenia,Force,Human,Rating 1,2.0
973,R_3IW3SQSjrKlfUtC,Schizophrenia,Force,Robot,Rating 1,2.0
975,R_3IYaIQ1HA9uoIN4,Anxiety,Accept,Robot,Rating 1,2.0
976,R_3J1TU9oQ3gbJ6Ex,Schizophrenia,Accept,Human,Rating 1,2.0
978,R_3J3Ol9oms7WmfuL,Schizophrenia,Force,Human,Rating 1,0.0
981,R_3JFAlhMwaIbBAWD,Schizophrenia,Force,Robot,Rating 1,-2.0
983,R_3Jlzhj285HceWug,Schizophrenia,Accept,Robot,Rating 1,1.0
985,R_3Jq3yHDXEwrbdgS,Schizophrenia,Accept,Robot,Rating 1,-2.0
987,R_3JwagYCfJ2BwZwX,Anxiety,Accept,Robot,Rating 1,2.0
989,R_3KAtygaSerIxMUj,Anxiety,Accept,Robot,Rating 1,3.0
991,R_3KC2wzAuoRx1pJC,Schizophrenia,Force,Robot,Rating 1,-3.0
992,R_3KDU2JHIXo36v1A,Anxiety,Accept,Human,Rating 1,2.0
994,R_3KGEii9tuYcwfDA,Anxiety,Force,Human,Rating 1,-2.0
996,R_3KIOwWMRJVJj8Ra,Anxiety,Accept,Human,Rating 1,0.0
999,R_3KNJqX2BUv27tyj,Schizophrenia,Accept,Robot,Rating 1,-1.0
1000,R_3KUYLZgFNmSGQoE,Anxiety,Accept,Human,Rating 1,-2.0
1002,R_3KpL5MkTu3grdqp,Anxiety,Accept,Human,Rating 1,2.0
1004,R_3KxaxJ9c43LDrC9,Anxiety,Accept,Human,Rating 1,3.0
1007,R_3L6cNf7PgiVxi2a,Schizophrenia,Accept,Robot,Rating 1,2.0
1008,R_3LXg96gBnvbMeKt,Schizophrenia,Force,Human,Rating 1,1.0
1010,R_3Ld7OL084m8QHJl,Schizophrenia,Force,Human,Rating 1,-1.0
1012,R_3MJt9edOtz3n76O,Anxiety,Accept,Human,Rating 1,-1.0
1014,R_3MLhumGLpZYgkQJ,Schizophrenia,Force,Human,Rating 1,-3.0
1016,R_3MgjC41fkvUMOG2,Anxiety,Force,Human,Rating 1,-1.0
1019,R_3MguMmQPXzEEJ4k,Anxiety,Force,Robot,Rating 1,2.0
1021,R_3MiIz7CrA6mapcL,Anxiety,Force,Robot,Rating 1,-2.0
1023,R_3MrPoAwX2WMMOtk,Anxiety,Accept,Robot,Rating 1,0.0
1024,R_3MxI9LRbQ4MrIBi,Schizophrenia,Accept,Human,Rating 1,-3.0
1027,R_3MyruPbmovhwe8k,Anxiety,Accept,Robot,Rating 1,2.0
1029,R_3ND6ScaUfBYwJZz,Schizophrenia,Accept,Robot,Rating 1,-2.0
1031,R_3NLnaSIrbLIcuk2,Anxiety,Accept,Robot,Rating 1,3.0
1033,R_3NNU90ZFHdcuJ3H,Anxiety,Accept,Robot,Rating 1,1.0
1035,R_3NwVGtOHMei0oCh,Schizophrenia,Accept,Robot,Rating 1,3.0
1036,R_3NysNZZ4uqDwk8y,Schizophrenia,Accept,Human,Rating 1,0.0
1039,R_3O2MwAW1z5joJwi,Schizophrenia,Accept,Robot,Rating 1,-1.0
1040,R_3OqVkYqDU1SVxcx,Anxiety,Accept,Human,Rating 1,-3.0
1043,R_3Or06S0yyTY1hhC,Anxiety,Force,Robot,Rating 1,-3.0
1045,R_3P7Vf2YbptUBMjm,Schizophrenia,Force,Robot,Rating 1,1.0
1046,R_3PFBS3lh41Zq55C,Schizophrenia,Force,Human,Rating 1,2.0
1049,R_3PMQHhNs87kpUFD,Anxiety,Force,Robot,Rating 1,-3.0
1050,R_3PS5OPjusIz7Ett,Schizophrenia,Accept,Human,Rating 1,-2.0
1053,R_3PTPfBPlrpNanIt,Schizophrenia,Force,Robot,Rating 1,1.0
1054,R_3PbKbsQl1IxhxJh,Schizophrenia,Accept,Human,Rating 1,-2.0
1057,R_3PdjNiXYiZHSr9j,Schizophrenia,Accept,Robot,Rating 1,-2.0
1059,R_3Ph4Dra2ZyrGKrS,Anxiety,Accept,Robot,Rating 1,2.0
1061,R_3PhI9mHS766xMxk,Schizophrenia,Force,Robot,Rating 1,0.0
1063,R_3Ple4gQGqiqAZrz,Schizophrenia,Accept,Robot,Rating 1,-1.0
1064,R_3PnmghnuFRvOGB8,Anxiety,Force,Human,Rating 1,-2.0
1066,R_3PsEitwEFPTX6uB,Anxiety,Accept,Human,Rating 1,-3.0
1069,R_3PulHiJpR0G8RVm,Anxiety,Force,Robot,Rating 1,-1.0
1070,R_3QGB6qv1zHFDh2h,Anxiety,Accept,Human,Rating 1,3.0
1072,R_3QGIkjIrUjjgwUx,Anxiety,Force,Human,Rating 1,-2.0
1074,R_3QK2xoTpIZuitU7,Schizophrenia,Accept,Human,Rating 1,0.0
1076,R_3QLscnai58ryyck,Schizophrenia,Accept,Human,Rating 1,-1.0
1079,R_3QQXMdUS0XcMuCi,Schizophrenia,Accept,Robot,Rating 1,2.0
1080,R_3QWPL31to8D1ABv,Anxiety,Accept,Human,Rating 1,1.0
1083,R_3QWe0mxDUwNYUmt,Anxiety,Force,Robot,Rating 1,0.0
1084,R_3R42kE2171KLOui,Anxiety,Accept,Human,Rating 1,2.0
1087,R_3R7RaOknZ7JHGsV,Schizophrenia,Force,Robot,Rating 1,1.0
1088,R_3R7x2HymeIchD7N,Schizophrenia,Accept,Human,Rating 1,-1.0
1091,R_3RqgRxPvLQRbJWl,Schizophrenia,Force,Robot,Rating 1,1.0
1093,R_3RsHOFEUUyBndhK,Anxiety,Accept,Robot,Rating 1,1.0
1095,R_3RvDoCIWrYunmSR,Schizophrenia,Accept,Robot,Rating 1,-3.0
1097,R_3VOmsmT7RLyhmzn,Anxiety,Force,Robot,Rating 1,-3.0
1099,R_3aE9cRaYu3N5l05,Anxiety,Force,Robot,Rating 1,-3.0
1101,R_3dDFyqYB8iFyGpw,Anxiety,Accept,Robot,Rating 1,0.0
1103,R_3dN9pWW9CZ9Iwsx,Anxiety,Force,Robot,Rating 1,1.0
1104,R_3dYBj5uSKhPE7ED,Anxiety,Force,Human,Rating 1,-3.0
1107,R_3e7YCg0w6nUkRiE,Schizophrenia,Accept,Robot,Rating 1,-2.0
1108,R_3emZNmjq1qzMXgX,Anxiety,Force,Human,Rating 1,3.0
1110,R_3fBqYycS75uxeiy,Schizophrenia,Accept,Human,Rating 1,-2.0
1112,R_3fTYmbRFzXmnesT,Anxiety,Force,Human,Rating 1,-3.0
1114,R_3fUArGw6jicOMh8,Anxiety,Force,Human,Rating 1,3.0
1116,R_3fdR4OvF4Npa6IS,Schizophrenia,Force,Human,Rating 1,1.0
1118,R_3fe4pMRISk1NCk9,Schizophrenia,Force,Human,Rating 1,2.0
1121,R_3fkKdEB9Px4ECLx,Schizophrenia,Force,Robot,Rating 1,-1.0
1122,R_3flfpuPb93fzT5X,Anxiety,Force,Human,Rating 1,0.0
1125,R_3g1s40QXYPmxv9W,Schizophrenia,Accept,Robot,Rating 1,-1.0
1126,R_3gOa0wK9duIhiXm,Schizophrenia,Accept,Human,Rating 1,3.0
1128,R_3gZRt3b3x875HdD,Anxiety,Force,Human,Rating 1,-2.0
1131,R_3hA52Rp5Fb0iLnt,Schizophrenia,Force,Robot,Rating 1,-2.0
1132,R_3hDVIeZPEjqr4r3,Schizophrenia,Force,Human,Rating 1,1.0
1135,R_3hGPy6N6KFp36Lq,Schizophrenia,Force,Robot,Rating 1,3.0
1137,R_3iU33ezQYYE8ypL,Schizophrenia,Accept,Robot,Rating 1,-3.0
1138,R_3iVAK6qPkLI5tXI,Schizophrenia,Accept,Human,Rating 1,-1.0
1141,R_3ilNew4FLvXY5tq,Anxiety,Accept,Robot,Rating 1,2.0
1142,R_3iqbU1hw3fGXaSt,Schizophrenia,Force,Human,Rating 1,-2.0
1145,R_3izpx9OULt6fbL0,Anxiety,Accept,Robot,Rating 1,3.0
1146,R_3j3bVIbxFDo0dOw,Anxiety,Force,Human,Rating 1,-2.0
1149,R_3jTByEKHreuH11P,Anxiety,Accept,Robot,Rating 1,1.0
1150,R_3k682g5J24DTdfk,Anxiety,Force,Human,Rating 1,-1.0
1152,R_3k6CYqU6zmlc1bp,Anxiety,Force,Human,Rating 1,-2.0
1155,R_3kGrr1wMMrkpOfI,Anxiety,Force,Robot,Rating 1,-2.0
1156,R_3kO4A5kliBo35k3,Anxiety,Force,Human,Rating 1,-1.0
1158,R_3khOFFu0RZRKH0U,Schizophrenia,Force,Human,Rating 1,2.0
1161,R_3lFz7NzyTPtgTd5,Anxiety,Accept,Robot,Rating 1,1.0
1162,R_3lKpF741q1W6mj9,Anxiety,Accept,Human,Rating 1,3.0
1165,R_3lM1TfmPiEhwiNS,Schizophrenia,Accept,Robot,Rating 1,1.0
1166,R_3lRKtus14VpmIST,Schizophrenia,Force,Human,Rating 1,2.0
1168,R_3lVmCuRLSgNw3EJ,Anxiety,Accept,Human,Rating 1,0.0
1170,R_3lY4QpbRtNanP4V,Schizophrenia,Force,Human,Rating 1,1.0
1172,R_3lt85ITEX1EW7hJ,Anxiety,Accept,Human,Rating 1,1.0
1174,R_3lxBzmwNQvw5h57,Anxiety,Force,Human,Rating 1,3.0
1176,R_3meqRfAR213oeXm,Schizophrenia,Accept,Human,Rating 1,-2.0
1178,R_3n7Aow9CxXYgN8R,Anxiety,Accept,Human,Rating 1,-1.0
1180,R_3n7NED9jjbK5Fse,Anxiety,Accept,Human,Rating 1,1.0
1183,R_3n97xjWTemvgEGq,Anxiety,Accept,Robot,Rating 1,2.0
1185,R_3nHQHAd2YYzvIl7,Anxiety,Force,Robot,Rating 1,-1.0
1187,R_3nMKS3sLoK88yIr,Schizophrenia,Force,Robot,Rating 1,-2.0
1188,R_3nPDs1Bv5LewMn0,Schizophrenia,Force,Human,Rating 1,1.0
1191,R_3nT23DInzlEJ4iM,Schizophrenia,Force,Robot,Rating 1,-1.0
1193,R_3nUwSpDK0ZAlslM,Schizophrenia,Accept,Robot,Rating 1,-1.0
1194,R_3noNQnTX5tYa8At,Schizophrenia,Accept,Human,Rating 1,-1.0
1196,R_3nowSzCsoJedXcj,Schizophrenia,Force,Human,Rating 1,2.0
1199,R_3nrcjQnmTmJdA1u,Schizophrenia,Force,Robot,Rating 1,-3.0
1200,R_3oAtmMF2OqDNb3k,Anxiety,Force,Human,Rating 1,1.0
1203,R_3oHmWqI1MvPNmRf,Anxiety,Force,Robot,Rating 1,-3.0
1204,R_3oWRyVzHDZDGtA5,Anxiety,Accept,Human,Rating 1,3.0
1206,R_3qBunafUBbXrfqs,Anxiety,Accept,Human,Rating 1,1.0
1209,R_3qIMa22G9LlHZ53,Anxiety,Accept,Robot,Rating 1,2.0
1211,R_3qQLtGcC0PFYGRP,Schizophrenia,Force,Robot,Rating 1,-3.0
1213,R_3qe6GViQQ6Ynavn,Anxiety,Accept,Robot,Rating 1,1.0
1214,R_3qssD4oj0euQRRd,Schizophrenia,Force,Human,Rating 1,1.0
1217,R_3r0bia9kibUaJsJ,Schizophrenia,Force,Robot,Rating 1,3.0
1219,R_3rPzF6GvRgr6GyD,Anxiety,Force,Robot,Rating 1,-2.0
1220,R_3rU83TBWBO5GY2W,Schizophrenia,Accept,Human,Rating 1,-1.0
1222,R_3s4DQYwpdXCa2Ln,Schizophrenia,Accept,Human,Rating 1,-3.0
1224,R_3sbOQsFaOv7PHQA,Schizophrenia,Force,Human,Rating 1,2.0
1227,R_3sdbFE3J5Xe8isq,Anxiety,Accept,Robot,Rating 1,1.0
1229,R_3siB31IntVLZIFL,Schizophrenia,Force,Robot,Rating 1,3.0
1231,R_3spRLQM6BrHlsB6,Anxiety,Accept,Robot,Rating 1,3.0
1232,R_3svHbZBWOQ4EWd4,Schizophrenia,Accept,Human,Rating 1,1.0
1235,R_40lkO51BykTcGFX,Anxiety,Force,Robot,Rating 1,-3.0
1237,R_4OsYcHrFZufFsu5,Schizophrenia,Force,Robot,Rating 1,3.0
1238,R_4PH6lrWtKcohsqJ,Anxiety,Accept,Human,Rating 1,3.0
1241,R_4UvqbvZ2elTVfUd,Schizophrenia,Force,Robot,Rating 1,-2.0
1242,R_4YPAkDoZoCBs5l7,Schizophrenia,Force,Human,Rating 1,-1.0
1245,R_4YgkwCh2TPi4dp3,Schizophrenia,Accept,Robot,Rating 1,-1.0
1246,R_4Z7k14e0nNTUu2t,Anxiety,Force,Human,Rating 1,-2.0
1248,R_51JvhfduYNbPKrD,Anxiety,Accept,Human,Rating 1,1.0
1251,R_5AucBudiYkO5OBH,Anxiety,Accept,Robot,Rating 1,3.0
1253,R_5bPvtrUteuAlyNz,Schizophrenia,Force,Robot,Rating 1,3.0
1255,R_5hxL7Y6ReJtG4qB,Anxiety,Force,Robot,Rating 1,-2.0
1257,R_5jQmqEpHAv9PBG9,Anxiety,Accept,Robot,Rating 1,3.0
1259,R_5mB4GeZ1VurJ93X,Anxiety,Accept,Robot,Rating 1,2.0
1260,R_5nB7MpDVxQP5c7T,Schizophrenia,Force,Human,Rating 1,2.0
1262,R_5nCcJk6zMzPPrpL,Schizophrenia,Accept,Human,Rating 1,-2.0
1264,R_5nkxyzNA8YLvH9f,Schizophrenia,Accept,Human,Rating 1,-2.0
1266,R_5oiKSQDjmvIT3hf,Schizophrenia,Force,Human,Rating 1,2.0
1269,R_6L6rS8w21ED9Qpr,Anxiety,Accept,Robot,Rating 1,1.0
1271,R_6M71xpxyidviN9L,Anxiety,Force,Robot,Rating 1,-3.0
1272,R_6MxkVvY9teB9bSp,Schizophrenia,Accept,Human,Rating 1,-3.0
1275,R_6QEGXht8beGccNj,Schizophrenia,Accept,Robot,Rating 1,2.0
1276,R_6mLwnk0aYrVaJZ7,Schizophrenia,Force,Human,Rating 1,2.0
1278,R_79RSYnSuletx2gN,Anxiety,Accept,Human,Rating 1,3.0
1280,R_7POQCbzC6Ovjtuh,Schizophrenia,Accept,Human,Rating 1,-2.0
1282,R_7WglklNcDPdHjhv,Schizophrenia,Force,Human,Rating 1,2.0
1285,R_7aEmjbIYC8O21UZ,Anxiety,Force,Robot,Rating 1,-3.0
1286,R_82pzp5weSF9kek1,Anxiety,Accept,Human,Rating 1,2.0
1289,R_8AI52GKK3SpCwal,Anxiety,Accept,Robot,Rating 1,-1.0
1290,R_8BW0thgOlGtxr0J,Anxiety,Force,Human,Rating 1,-2.0
1293,R_8G5Xy93FXQWnCJX,Anxiety,Accept,Robot,Rating 1,2.0
1294,R_8IVwhNyNO1PrFex,Anxiety,Force,Human,Rating 1,-1.0
1297,R_8IkoXlnKgWszw65,Anxiety,Force,Robot,Rating 1,-2.0
1299,R_9GM4GkxpdPgceWt,Anxiety,Force,Robot,Rating 1,-2.0
1301,R_9NdyWMAsC55uX0R,Anxiety,Force,Robot,Rating 1,-2.0
1302,R_9ZbzsGoWxO0UVKp,Schizophrenia,Accept,Human,Rating 1,-2.0
1304,R_9morBAPCppMzbtD,Schizophrenia,Accept,Human,Rating 1,-1.0
1306,R_9nvN0iI5V4n9CyB,Schizophrenia,Force,Human,Rating 1,-1.0
1308,R_9oACDDyWGwPmIvL,Schizophrenia,Accept,Human,Rating 1,-3.0
1311,R_9zB75jUqIVmJqO5,Schizophrenia,Force,Robot,Rating 1,1.0
1313,R_9zQAeRymf5VCbjr,Schizophrenia,Force,Robot,Rating 1,1.0
1315,R_A0aupurr9Pr7mOl,Anxiety,Force,Robot,Rating 1,0.0
1317,R_A67fVq5TFtrohoZ,Schizophrenia,Force,Robot,Rating 1,-1.0
1318,R_A6w8BdFJuSjnmlX,Anxiety,Force,Human,Rating 1,-2.0
1320,R_A7FA719b8kPvGuZ,Anxiety,Accept,Human,Rating 1,-1.0
1322,R_AKIoP5lsKbj6F2x,Schizophrenia,Accept,Human,Rating 1,-3.0
1324,R_AcYYJnko3it0UKd,Anxiety,Accept,Human,Rating 1,1.0
1326,R_AjJS2Nai42qFtfP,Schizophrenia,Force,Human,Rating 1,1.0
1328,R_AuFd5nxqXDJWEIV,Anxiety,Force,Human,Rating 1,-2.0
1330,R_AvqlvhZo0DzW3jX,Schizophrenia,Accept,Human,Rating 1,-2.0
1332,R_BFbxuN5M1UUKknL,Schizophrenia,Accept,Human,Rating 1,0.0
1335,R_BL2Na3xQvh8LiTv,Schizophrenia,Accept,Robot,Rating 1,0.0
1337,R_BrbrJMFQpmYf66d,Schizophrenia,Force,Robot,Rating 1,0.0
1339,R_Bun6VxcCC3zvof7,Schizophrenia,Accept,Robot,Rating 1,-1.0
1340,R_BxJ9LfoA2Yn0Qtr,Anxiety,Accept,Human,Rating 1,-2.0
1342,R_ByKnLrWJ0VeB2tX,Schizophrenia,Force,Human,Rating 1,2.0
1345,R_Bzd8l9sQ70gfXBT,Anxiety,Accept,Robot,Rating 1,3.0
1347,R_BziWcinlhxKqFW1,Schizophrenia,Force,Robot,Rating 1,2.0
1349,R_Ca8Rl5tfrCQbVkZ,Schizophrenia,Force,Robot,Rating 1,2.0
1351,R_Caa1drK39bCrJQJ,Anxiety,Accept,Robot,Rating 1,2.0
1353,R_Cf97bB7c6ssnu3D,Anxiety,Force,Robot,Rating 1,-1.0
1355,R_Cm2CP0MJyU6PnGh,Anxiety,Accept,Robot,Rating 1,3.0
1356,R_DDcoreDCXYpAlup,Schizophrenia,Accept,Human,Rating 1,2.0
1358,R_DMhQ91uKAdJ7nkR,Anxiety,Force,Human,Rating 1,-3.0
1360,R_DVtb82vZmsAFXFf,Schizophrenia,Force,Human,Rating 1,1.0
1363,R_DbKcS7vgAc93iFP,Schizophrenia,Force,Robot,Rating 1,1.0
1364,R_DpjX71n3QmP4KZj,Schizophrenia,Accept,Human,Rating 1,-2.0
1367,R_Dqs0hasV5OEeFOh,Schizophrenia,Accept,Robot,Rating 1,-1.0
1369,R_DvE1hZcKOWoHJCh,Schizophrenia,Accept,Robot,Rating 1,3.0
1371,R_Dvr7SbB567vnAXL,Schizophrenia,Accept,Robot,Rating 1,-2.0
1373,R_Dwtmz8VKSA3itGx,Schizophrenia,Accept,Robot,Rating 1,0.0
1375,R_NUu5LL7a02sISe5,Schizophrenia,Force,Robot,Rating 1,-2.0
1376,R_NVLeJImaMHDRQWt,Anxiety,Accept,Human,Rating 1,-1.0
1379,R_NVWHgrad3cGQw0x,Schizophrenia,Force,Robot,Rating 1,2.0
1381,R_O0CjJzPulPYxhzb,Anxiety,Force,Robot,Rating 1,-3.0
1382,R_O1lRiA1c2rILF1n,Anxiety,Force,Human,Rating 1,-1.0
1385,R_O3xbzpIiRSKRePn,Anxiety,Accept,Robot,Rating 1,3.0
1386,R_O6H21IEWnXsHsK5,Schizophrenia,Accept,Human,Rating 1,-2.0
1388,R_O6x5bkYEygKpkXL,Anxiety,Force,Human,Rating 1,-3.0
1390,R_O9EgTqYRHysaOOd,Anxiety,Force,Human,Rating 1,1.0
1393,R_ODrlrjNEVgUVpsZ,Anxiety,Force,Robot,Rating 1,-2.0
1394,R_OPfZdZPeJiYXdSN,Schizophrenia,Accept,Human,Rating 1,-2.0
1397,R_Od2NMma7DSCpbcR,Schizophrenia,Accept,Robot,Rating 1,0.0
1398,R_OdpKd9HLruR1Rw5,Schizophrenia,Accept,Human,Rating 1,-2.0
1401,R_PARBlnf7gM5pYe5,Schizophrenia,Force,Robot,Rating 1,-1.0
1403,R_PRQWamSVhkgsAH7,Schizophrenia,Force,Robot,Rating 1,0.0
1404,R_PTG2ifnclkSYAaB,Schizophrenia,Force,Human,Rating 1,2.0
1406,R_PZB3cTo6uS05rqh,Schizophrenia,Force,Human,Rating 1,-1.0
1408,R_Pvo1DNYv9ARcLmx,Anxiety,Accept,Human,Rating 1,3.0
1411,R_Q3t6SSuvMYfkbER,Schizophrenia,Force,Robot,Rating 1,1.0
1413,R_Q5NYNEmP1IUCgaB,Schizophrenia,Accept,Robot,Rating 1,1.0
1414,R_Q9UA9RqQZW1qv6N,Schizophrenia,Force,Human,Rating 1,2.0
1417,R_QbwAXiwr0PQrcI1,Anxiety,Accept,Robot,Rating 1,0.0
1418,R_RCcl9mVZJHwJXz3,Anxiety,Accept,Human,Rating 1,-2.0
1421,R_RKom84T56ywTZux,Schizophrenia,Force,Robot,Rating 1,2.0
1422,R_RPRPxLtmkzHoUJb,Anxiety,Accept,Human,Rating 1,2.0
1425,R_RhucT5cF4vN5H0J,Anxiety,Accept,Robot,Rating 1,1.0
1426,R_RwOs836aAf8BWZX,Schizophrenia,Accept,Human,Rating 1,2.0
1428,R_SHmOsOug5uEI3zX,Anxiety,Accept,Human,Rating 1,-1.0
1430,R_SIXHzFPn6Gawt6p,Schizophrenia,Force,Human,Rating 1,0.0
1433,R_SNbNfDY6I1CACQh,Schizophrenia,Accept,Robot,Rating 1,2.0
1435,R_STBKh4OPyEJiGel,Anxiety,Accept,Robot,Rating 1,0.0
1437,R_SYSOo7s5hn0vWr7,Anxiety,Force,Robot,Rating 1,-3.0
1439,R_Ti7JPRsJW3fV5Lz,Schizophrenia,Force,Robot,Rating 1,3.0
1440,R_TnCXZUrHWNwPcsx,Anxiety,Accept,Human,Rating 1,-3.0
1442,R_UABBv3rewYdcFMJ,Schizophrenia,Force,Human,Rating 1,3.0
1444,R_UDyiCG8CVWzDdC1,Schizophrenia,Accept,Human,Rating 1,-3.0
1446,R_UQMa5FS7yYDyl8Z,Anxiety,Force,Human,Rating 1,1.0
1448,R_UQMpPgdeGTbxuM1,Anxiety,Accept,Human,Rating 1,1.0
1450,R_USJJw6VV4E2J5S1,Schizophrenia,Force,Human,Rating 1,-1.0
1453,R_UcjiROg05X8N3TH,Schizophrenia,Accept,Robot,Rating 1,2.0
1455,R_Ui34IKGZqfki7a9,Anxiety,Accept,Robot,Rating 1,-1.0
1457,R_Uyzww057EO26Czv,Anxiety,Accept,Robot,Rating 1,3.0
1458,R_UzKk0x9J9nwQBY5,Anxiety,Accept,Human,Rating 1,2.0
1460,R_VUTunmW94EWEmOd,Schizophrenia,Force,Human,Rating 1,-1.0
1462,R_W0SnRPqrss39JnP,Anxiety,Accept,Human,Rating 1,-1.0
1464,R_W27sMpKW8JpTjAB,Schizophrenia,Force,Human,Rating 1,-3.0
1466,R_W2sfvr6wyahmPsJ,Anxiety,Force,Human,Rating 1,0.0
1469,R_W6BKomCL38moUYp,Schizophrenia,Force,Robot,Rating 1,-2.0
1471,R_WwaNsYWYFurgXAd,Anxiety,Force,Robot,Rating 1,-3.0
1473,R_XBvGMbdmuExmANj,Schizophrenia,Accept,Robot,Rating 1,-3.0
1474,R_XNQNSZvZtdOvGPn,Anxiety,Force,Human,Rating 1,-1.0
1477,R_XOn2UF8Pi99FVhT,Schizophrenia,Accept,Robot,Rating 1,0.0
1479,R_Xq5g3wbvoSCSEyl,Anxiety,Accept,Robot,Rating 1,-3.0
1480,R_XyXSMAOFnChzhf3,Schizophrenia,Accept,Human,Rating 1,1.0
1482,R_XzlcJ2nha8OniQp,Anxiety,Accept,Human,Rating 1,-1.0
1484,R_YY1ORi59iIpfGpj,Schizophrenia,Force,Human,Rating 1,0.0
1487,R_YbooIcF26B1M2Rj,Anxiety,Accept,Robot,Rating 1,-2.0
1489,R_Z4NWKyVntTtBczL,Anxiety,Accept,Robot,Rating 1,0.0
1490,R_ZHNViZwGVWY527f,Anxiety,Accept,Human,Rating 1,1.0
1493,R_ZIcMC9KS2gW22dz,Schizophrenia,Force,Robot,Rating 1,-3.0
1494,R_ZJI7ONlvZErkotH,Schizophrenia,Force,Human,Rating 1,3.0
1497,R_a5YIoiiUKasJ8Yx,Schizophrenia,Force,Robot,Rating 1,2.0
1499,R_b3Yc5zGuG5H0JS9,Schizophrenia,Force,Robot,Rating 1,-3.0
1501,R_b3ma9QeiVaYg705,Anxiety,Force,Robot,Rating 1,-3.0
1502,R_bOzpIKrA1pZzLs5,Anxiety,Force,Human,Rating 1,-2.0
1504,R_bPiMXVpYwJxzt6x,Anxiety,Force,Human,Rating 1,-2.0
1507,R_bg9W8MRm0hVaGrf,Schizophrenia,Force,Robot,Rating 1,1.0
1508,R_bgqT0CxiPH0AnrX,Anxiety,Force,Human,Rating 1,-3.0
1510,R_cO0idO9fXH18ORj,Schizophrenia,Force,Human,Rating 1,-3.0
1513,R_cu5gMW6ULr2Z9M5,Anxiety,Force,Robot,Rating 1,-3.0
1514,R_d1gZiMKoliVrLwJ,Schizophrenia,Force,Human,Rating 1,1.0
1517,R_d5vh9NjLxfc8ZW1,Schizophrenia,Force,Robot,Rating 1,0.0
1518,R_d7lbIBkfFZ81vON,Schizophrenia,Force,Human,Rating 1,0.0
1521,R_dbw3rjmI2eMDvm9,Anxiety,Accept,Robot,Rating 1,0.0
1522,R_dc0YD5fVQ9xO121,Schizophrenia,Accept,Human,Rating 1,2.0
1525,R_difKL8Tg3iZ7sMV,Anxiety,Force,Robot,Rating 1,-3.0
1526,R_eOSppj7eBaIGcA9,Anxiety,Force,Human,Rating 1,3.0
1529,R_eQkucrsLqZmBHO1,Schizophrenia,Accept,Robot,Rating 1,1.0
1530,R_ehrRMhmodKmKVJD,Schizophrenia,Accept,Human,Rating 1,0.0
1532,R_em40yTDoAv36YSZ,Anxiety,Accept,Human,Rating 1,0.0
1534,R_emJhxJR6699uuop,Schizophrenia,Force,Human,Rating 1,-2.0
1537,R_oYyN5w9rD38PQ3f,Anxiety,Force,Robot,Rating 1,0.0
1539,R_p44Q4bJqDCqCCXf,Anxiety,Force,Robot,Rating 1,-3.0
1540,R_p9KFAOtfKPHytjj,Schizophrenia,Force,Human,Rating 1,1.0
1543,R_pRF4oyeqIQedkS5,Schizophrenia,Accept,Robot,Rating 1,-3.0
1544,R_pawB1SVOd029Lax,Anxiety,Force,Human,Rating 1,-1.0
1547,R_qEOcdU7mPy9iGSB,Schizophrenia,Accept,Robot,Rating 1,0.0
1548,R_qI2VUAo9wpdYtvr,Schizophrenia,Force,Human,Rating 1,2.0
1551,R_qQtyGXXEs7txst3,Anxiety,Accept,Robot,Rating 1,-1.0
1552,R_qRbp0ymcS9nDVAJ,Anxiety,Accept,Human,Rating 1,2.0
1555,R_qXH6Pzb1ZzW1nJD,Anxiety,Force,Robot,Rating 1,-3.0
1557,R_r1GtgZ5Ye1rF3mV,Anxiety,Accept,Robot,Rating 1,2.0
1559,R_r1MLAWSAX2ECBkB,Anxiety,Force,Robot,Rating 1,0.0
1560,R_r2vXxO0OyeBinLz,Anxiety,Force,Human,Rating 1,-1.0
1563,R_r3CFS8J5ehHHQKR,Schizophrenia,Accept,Robot,Rating 1,-3.0
1564,R_r3IOz52bZieg0XT,Schizophrenia,Accept,Human,Rating 1,-3.0
1566,R_r3Is1M6WvRClTnr,Anxiety,Accept,Human,Rating 1,-2.0
1568,R_r9jP1xleVZGQrT3,Schizophrenia,Force,Human,Rating 1,-1.0
1570,R_rjeA73iR3MOpma5,Anxiety,Force,Human,Rating 1,-3.0
1572,R_sBxFZJpuugEhYsN,Schizophrenia,Force,Human,Rating 1,2.0
1574,R_sC2ltYOk5z8XTgt,Schizophrenia,Force,Human,Rating 1,3.0
1577,R_sEWUtJGoKEdVkmR,Anxiety,Force,Robot,Rating 1,-3.0
1579,R_sGYazVDcG8L2NSF,Anxiety,Force,Robot,Rating 1,0.0
1581,R_sHg0EHIQIXK55F7,Anxiety,Force,Robot,Rating 1,-2.0
1583,R_sLu5mllvXbrmYU1,Anxiety,Accept,Robot,Rating 1,3.0
1584,R_sU6xYNEmnDv5rhL,Anxiety,Force,Human,Rating 1,2.0
1586,R_svdLL55eUWEl3UJ,Schizophrenia,Accept,Human,Rating 1,-3.0
1588,R_tDLyUp0Ef7E0MpP,Anxiety,Force,Human,Rating 1,-3.0
1591,R_tETyvchA5Ti2Amd,Anxiety,Force,Robot,Rating 1,-2.0
1592,R_tYYEn7uGPJ31SGl,Anxiety,Force,Human,Rating 1,-2.0
1594,R_ugImRMYCcQwVQ3v,Anxiety,Force,Human,Rating 1,-1.0
1596,R_ujZPonCOmDkRJPr,Schizophrenia,Force,Human,Rating 1,2.0
1599,R_ulSHCXeLuNkWAal,Anxiety,Accept,Robot,Rating 1,0.0
1600,R_um4rMuKyfF6NVRL,Anxiety,Force,Human,Rating 1,-2.0
1603,R_uvKDanPRzuqCXap,Anxiety,Force,Robot,Rating 1,1.0
1605,R_uyz80jk6GHit105,Schizophrenia,Accept,Robot,Rating 1,2.0
1606,R_uzaUwXWK4JzDNy9,Schizophrenia,Force,Human,Rating 1,0.0
1609,R_vAKws0CZnDf9jRT,Anxiety,Accept,Robot,Rating 1,3.0
1610,R_vITlrDUWYh0VAIh,Schizophrenia,Accept,Human,Rating 1,0.0
1613,R_vJEnbhD4Q7Kz2H7,Anxiety,Accept,Robot,Rating 1,-3.0
1615,R_vJn5laUn47IUXbH,Anxiety,Accept,Robot,Rating 1,-1.0
1617,R_vdaIASRMxCPq9qh,Anxiety,Accept,Robot,Rating 1,3.0
1619,R_vkMRZzn06meiSTD,Schizophrenia,Accept,Robot,Rating 1,-2.0
1621,R_vwYqYEMXDSiK1Oh,Schizophrenia,Accept,Robot,Rating 1,1.0
1623,R_w02azCdfzG4zfwZ,Schizophrenia,Force,Robot,Rating 1,-1.0
1625,R_w60zTFob2EQc65P,Anxiety,Force,Robot,Rating 1,2.0
1626,R_wNWp3MTCoC4w1bP,Anxiety,Accept,Human,Rating 1,-1.0
1628,R_wNrVgjc82hthWbD,Anxiety,Accept,Human,Rating 1,2.0
1630,R_wSuapJ9j8ATZIpr,Anxiety,Force,Human,Rating 1,-2.0
1632,R_x5VOXxUlSbotYpH,Schizophrenia,Accept,Human,Rating 1,-2.0
1635,R_xG8dA49zR74Lr5n,Schizophrenia,Force,Robot,Rating 1,-2.0
1637,R_xiwiEPwIa9qqbkJ,Anxiety,Force,Robot,Rating 1,-3.0
1638,R_xt5BuxEpUpH9CFj,Anxiety,Force,Human,Rating 1,-2.0
1641,R_xyePAXvvvGi7LYR,Anxiety,Force,Robot,Rating 1,3.0
1642,R_yDNSl9YbTs2Dty9,Schizophrenia,Accept,Human,Rating 1,0.0
1644,R_yIqOifnxRY76aMp,Schizophrenia,Accept,Human,Rating 1,-2.0
1646,R_yWnN1IkN4KDK56p,Schizophrenia,Accept,Human,Rating 1,-1.0
1648,R_yyFe9DPqoFuEBSV,Anxiety,Accept,Human,Rating 1,-2.0
1650,R_z2xahg1DCflDLXz,Schizophrenia,Force,Human,Rating 1,1.0
1653,R_zZIpw1UU7Krzm1P,Schizophrenia,Accept,Robot,Rating 1,-1.0
1655,R_zZLedrldXjo5NTj,Anxiety,Force,Robot,Rating 1,0.0
1657,R_zeB5ajw2DcCrEoF,Anxiety,Accept,Robot,Rating 1,0.0
1659,R_036tU5PYeqD9yed,Schizophrenia,Force,Robot,Rating 2,2.0
1660,R_08Q0JloACQNLCWB,Schizophrenia,Accept,Human,Rating 2,-3.0
1662,R_0BMstpSQRXJr1zb,Anxiety,Force,Human,Rating 2,-3.0
1665,R_0BeVZQhZ8Udj4eR,Schizophrenia,Accept,Robot,Rating 2,-1.0
1667,R_0HEO3NzqAlGpXlD,Anxiety,Accept,Robot,Rating 2,-1.0
1668,R_0HcOgxfKcLpC837,Anxiety,Force,Human,Rating 2,-2.0
1671,R_0JHOEzP2dhwD9hT,Anxiety,Force,Robot,Rating 2,-2.0
1673,R_0UJynnFiQEd9PJD,Schizophrenia,Force,Robot,Rating 2,3.0
1675,R_0UPHd8jWGbaVZTz,Anxiety,Accept,Robot,Rating 2,0.0
1676,R_0ktgcpYaKeVOT7j,Schizophrenia,Force,Human,Rating 2,1.0
1679,R_0pLctgC9q7eqDeN,Schizophrenia,Force,Robot,Rating 2,0.0
1680,R_0rfYKdJlY5ijUS5,Anxiety,Force,Human,Rating 2,0.0
1683,R_10Na5goHPJgh3fP,Schizophrenia,Accept,Robot,Rating 2,-1.0
1685,R_10SNy3N6PSvwdWr,Schizophrenia,Accept,Robot,Rating 2,0.0
1687,R_10V2sNTrMm9rjvT,Schizophrenia,Force,Robot,Rating 2,0.0
1689,R_10q5BhKtVWe2ot9,Anxiety,Accept,Robot,Rating 2,-1.0
1690,R_10ximGnXqW2wfoS,Anxiety,Force,Human,Rating 2,-3.0
1693,R_11aVYTEX5jetsMl,Anxiety,Force,Robot,Rating 2,0.0
1695,R_11cGz3Y3mAVjgSk,Anxiety,Force,Robot,Rating 2,-1.0
1697,R_11chLEHheIOHnWf,Schizophrenia,Accept,Robot,Rating 2,-3.0
1698,R_122SreHvAAY19zD,Schizophrenia,Accept,Human,Rating 2,0.0
1700,R_125Cc1QeztXn8Ix,Schizophrenia,Accept,Human,Rating 2,3.0
1702,R_12EfnFUu3nosbEN,Schizophrenia,Accept,Human,Rating 2,2.0
1704,R_12Fs44XCAb1j52v,Schizophrenia,Force,Human,Rating 2,0.0
1707,R_12GajDdAe7cH2iO,Schizophrenia,Accept,Robot,Rating 2,2.0
1709,R_12Jbz2d8WfJtSvf,Schizophrenia,Force,Robot,Rating 2,1.0
1710,R_12RnQiIZFogTuic,Anxiety,Force,Human,Rating 2,-2.0
1712,R_12a5c0kNtIShrWL,Anxiety,Force,Human,Rating 2,-2.0
1715,R_12aIm2wkrrhTkc1,Schizophrenia,Accept,Robot,Rating 2,-3.0
1717,R_12mt8PSWCaDew6w,Schizophrenia,Accept,Robot,Rating 2,0.0
1718,R_12tExdp15pF7IMA,Anxiety,Force,Human,Rating 2,0.0
1720,R_1BQxDuUMThlYtay,Anxiety,Force,Human,Rating 2,0.0
1722,R_1BUV864TkbQagPK,Anxiety,Force,Human,Rating 2,-2.0
1725,R_1C268aCTfvOUxZg,Anxiety,Force,Robot,Rating 2,0.0
1727,R_1C3E4viN4uf9uCT,Schizophrenia,Force,Robot,Rating 2,0.0
1729,R_1C8AbBRrlA0kON5,Anxiety,Accept,Robot,Rating 2,0.0
1731,R_1CxBEv4jvQEMfpN,Anxiety,Force,Robot,Rating 2,-1.0
1733,R_1DB989v5K4fS5nv,Schizophrenia,Force,Robot,Rating 2,-3.0
1734,R_1DNF07OtGyqTuQf,Schizophrenia,Force,Human,Rating 2,-1.0
1737,R_1DSg55U1FmhYzoX,Schizophrenia,Force,Robot,Rating 2,2.0
1738,R_1DqF9yh7hWcaQbz,Anxiety,Accept,Human,Rating 2,-1.0
1741,R_1E5wu080CBQbjAk,Schizophrenia,Force,Robot,Rating 2,3.0
1743,R_1E6bsHjJ4zhnOuq,Schizophrenia,Accept,Robot,Rating 2,0.0
1745,R_1EYDsmw2278jKfn,Schizophrenia,Accept,Robot,Rating 2,0.0
1746,R_1EZfvxn85CRGRDX,Anxiety,Force,Human,Rating 2,-3.0
1749,R_1EaH3SFJJ30BnRb,Anxiety,Force,Robot,Rating 2,0.0
1750,R_1Eh5RU2bEcjzS15,Schizophrenia,Accept,Human,Rating 2,-1.0
1753,R_1EjvfYdch9Sk30d,Anxiety,Accept,Robot,Rating 2,-2.0
1754,R_1F8kF6KIrV80tZz,Anxiety,Accept,Human,Rating 2,-2.0
1756,R_1F9Wq3YN7HpWm9B,Anxiety,Accept,Human,Rating 2,1.0
1758,R_1F9e8QzSVM4dxfu,Anxiety,Force,Human,Rating 2,-3.0
1761,R_1FDO0QN0kJegYAS,Schizophrenia,Force,Robot,Rating 2,1.0
1762,R_1FJ1BEjdHcBSh2a,Anxiety,Accept,Human,Rating 2,1.0
1764,R_1FKAlN1Fq6Rqu9M,Schizophrenia,Accept,Human,Rating 2,0.0
1767,R_1FghHlMFurqU5eO,Schizophrenia,Force,Robot,Rating 2,0.0
1769,R_1FkXMZMUPqFu2e1,Schizophrenia,Force,Robot,Rating 2,-3.0
1770,R_1Fm56deRy2gqeTb,Schizophrenia,Accept,Human,Rating 2,-2.0
1773,R_1Fs4V3fyq676KHO,Schizophrenia,Accept,Robot,Rating 2,-3.0
1774,R_1FyRW5AAYwAlavi,Schizophrenia,Accept,Human,Rating 2,-2.0
1776,R_1GEovFY9j5BWBTc,Schizophrenia,Accept,Human,Rating 2,3.0
1779,R_1Gw8lnhFhW5r2Hz,Schizophrenia,Accept,Robot,Rating 2,-3.0
1780,R_1HXCcWd6rAk2Cyt,Anxiety,Force,Human,Rating 2,-3.0
1782,R_1I4yVpX31sRkg0j,Anxiety,Force,Human,Rating 2,-3.0
1784,R_1IGVwQPnmlUongx,Schizophrenia,Accept,Human,Rating 2,-2.0
1786,R_1ISMs2iemHT0xLw,Anxiety,Force,Human,Rating 2,-3.0
1788,R_1IWAgu2saA4pdNZ,Anxiety,Accept,Human,Rating 2,0.0
1791,R_1IZ4d3WINt3m0Xj,Anxiety,Force,Robot,Rating 2,-3.0
1792,R_1IadrV060FEcyit,Schizophrenia,Accept,Human,Rating 2,-2.0
1795,R_1IbHiJXsU8YG219,Anxiety,Accept,Robot,Rating 2,0.0
1797,R_1IgWaO5gDVnywZL,Schizophrenia,Accept,Robot,Rating 2,-1.0
1799,R_1IhKpADOtyrZh7P,Schizophrenia,Force,Robot,Rating 2,1.0
1800,R_1IhLGxj1Zmeo9D1,Schizophrenia,Force,Human,Rating 2,-2.0
1803,R_1InDSXU8k46L25h,Schizophrenia,Force,Robot,Rating 2,-3.0
1805,R_1JIuayXdgcCyf1u,Anxiety,Force,Robot,Rating 2,2.0
1807,R_1K2Nrid9gIVzbNA,Schizophrenia,Force,Robot,Rating 2,1.0
1808,R_1K7FL3zgteZsD7i,Anxiety,Force,Human,Rating 2,-2.0
1810,R_1Ka6y9SWyQNNUwj,Anxiety,Force,Human,Rating 2,-1.0
1813,R_1KkiSV62ALgkR6w,Schizophrenia,Accept,Robot,Rating 2,0.0
1814,R_1KlrKPb3rgG7tQj,Schizophrenia,Force,Human,Rating 2,1.0
1816,R_1Ks4MyEG8rj6YVD,Anxiety,Force,Human,Rating 2,-1.0
1819,R_1Kv5XyEN7ROhJCQ,Schizophrenia,Force,Robot,Rating 2,3.0
1820,R_1KveWuqnx9eMHTb,Anxiety,Accept,Human,Rating 2,3.0
1823,R_1LBeoHmS46TZRKN,Anxiety,Force,Robot,Rating 2,-2.0
1824,R_1LCqRPEpxVhZKOa,Anxiety,Force,Human,Rating 2,-3.0
1826,R_1LGxmA8lV8GfOYb,Anxiety,Force,Human,Rating 2,-2.0
1829,R_1LM8xRkYWFIOYb0,Anxiety,Accept,Robot,Rating 2,0.0
1830,R_1Ld6ron9bLr5pWt,Anxiety,Accept,Human,Rating 2,-3.0
1832,R_1LdqVUh4IewGN9f,Schizophrenia,Force,Human,Rating 2,-2.0
1834,R_1LhQypQ2JwvCimz,Anxiety,Accept,Human,Rating 2,-3.0
1837,R_1LhXAkAp4KomRPX,Schizophrenia,Accept,Robot,Rating 2,-1.0
1839,R_1LpP9kh2xSO5sRi,Anxiety,Accept,Robot,Rating 2,2.0
1840,R_1M0SmqasuFMxghh,Anxiety,Force,Human,Rating 2,-2.0
1843,R_1M5SxU01FfKWpiM,Schizophrenia,Accept,Robot,Rating 2,-2.0
1844,R_1N9VjFmVQrXM4fw,Schizophrenia,Force,Human,Rating 2,-1.0
1846,R_1Ng1lxtnAuCc8W5,Anxiety,Accept,Human,Rating 2,-2.0
1848,R_1Nk7V3YdKvdNZDP,Anxiety,Force,Human,Rating 2,-2.0
1851,R_1Nspy4aNLlHz824,Anxiety,Accept,Robot,Rating 2,0.0
1852,R_1NtC3ScNMgSBLSL,Schizophrenia,Force,Human,Rating 2,-1.0
1855,R_1NyywxukGGZlDa5,Schizophrenia,Force,Robot,Rating 2,3.0
1856,R_1OZyBGpskHUm0Wq,Anxiety,Force,Human,Rating 2,-2.0
1859,R_1OjITYDm5mGmsmU,Anxiety,Force,Robot,Rating 2,-3.0
1861,R_1Opk9CDG7gqgJJs,Anxiety,Force,Robot,Rating 2,0.0
1862,R_1OxUQPhCuSCMZMw,Schizophrenia,Force,Human,Rating 2,0.0
1864,R_1P1Qfz7PudkCxYX,Anxiety,Accept,Human,Rating 2,1.0
1867,R_1P8eU037ofvlBE7,Schizophrenia,Accept,Robot,Rating 2,0.0
1869,R_1PRYWrxkxyqhKZ8,Schizophrenia,Force,Robot,Rating 2,-2.0
1871,R_1PdxASUS8jHaRz6,Schizophrenia,Force,Robot,Rating 2,-3.0
1872,R_1Q4pSFa4XuNcAHl,Schizophrenia,Force,Human,Rating 2,0.0
1874,R_1Q9DtiTcAnsI7cy,Anxiety,Force,Human,Rating 2,-1.0
1876,R_1QDR5eLFxGm00AL,Anxiety,Accept,Human,Rating 2,1.0
1878,R_1QDWXO48tAPQr5f,Anxiety,Force,Human,Rating 2,-2.0
1880,R_1QEk2TjhDQuywLI,Schizophrenia,Force,Human,Rating 2,-2.0
1883,R_1QJETLfIqBzk2gk,Schizophrenia,Accept,Robot,Rating 2,0.0
1884,R_1QN2dRyTGZ9gRcf,Schizophrenia,Accept,Human,Rating 2,-1.0
1887,R_1Qaq7q9qTRFYLD3,Anxiety,Force,Robot,Rating 2,-3.0
1889,R_1Qct4S45WMxIX6a,Anxiety,Accept,Robot,Rating 2,0.0
1891,R_1QrvM4GIbeN3RMx,Schizophrenia,Accept,Robot,Rating 2,0.0
1892,R_1QsfdGSWyVmShFi,Schizophrenia,Force,Human,Rating 2,2.0
1894,R_1Qza0GGYgcxrwdL,Anxiety,Force,Human,Rating 2,-1.0
1897,R_1YXbs0M8qMrBb4R,Schizophrenia,Accept,Robot,Rating 2,-3.0
1898,R_1d0v1DkTvGPiOKq,Schizophrenia,Force,Human,Rating 2,-2.0
1900,R_1d4vuMWnrm6WH1V,Anxiety,Force,Human,Rating 2,-2.0
1903,R_1dHvhLu0Ob88xi3,Schizophrenia,Force,Robot,Rating 2,-2.0
1905,R_1dLiWTDtfECJmBE,Anxiety,Accept,Robot,Rating 2,2.0
1907,R_1dN24kVEOuHntCS,Schizophrenia,Accept,Robot,Rating 2,-1.0
1909,R_1dcC0phimlvACIh,Schizophrenia,Accept,Robot,Rating 2,-1.0
1911,R_1dhTpwUGbibK5nM,Anxiety,Accept,Robot,Rating 2,-1.0
1913,R_1diUlDTfMT7CrF9,Schizophrenia,Accept,Robot,Rating 2,-1.0
1915,R_1dpkW65vzKFtQft,Anxiety,Force,Robot,Rating 2,0.0
1916,R_1duazyt6rMOGW90,Anxiety,Force,Human,Rating 2,0.0
1919,R_1dxYKYVH13bVqiu,Anxiety,Accept,Robot,Rating 2,-3.0
1921,R_1dzUHXkdWVyKPD2,Anxiety,Accept,Robot,Rating 2,0.0
1923,R_1eFylEQuz6b5bg2,Anxiety,Force,Robot,Rating 2,1.0
1924,R_1eLQUF5AtDkI0dn,Schizophrenia,Force,Human,Rating 2,2.0
1927,R_1eRbOcL5kbD9A0x,Anxiety,Accept,Robot,Rating 2,2.0
1929,R_1eUVfGIQQIZrKBK,Anxiety,Force,Robot,Rating 2,-1.0
1931,R_1eWWAOiSmDokjsY,Anxiety,Force,Robot,Rating 2,-3.0
1933,R_1er7uXe9KV0Hfn6,Schizophrenia,Force,Robot,Rating 2,0.0
1935,R_1eraRLLzChzSjI0,Anxiety,Force,Robot,Rating 2,-3.0
1937,R_1ervrBaTvvpnPiJ,Schizophrenia,Force,Robot,Rating 2,3.0
1939,R_1exFmU0HYZiNvU1,Anxiety,Force,Robot,Rating 2,-3.0
1940,R_1f7azIawy8i1At5,Anxiety,Accept,Human,Rating 2,-1.0
1942,R_1g8A0OjLjBE1aDu,Anxiety,Accept,Human,Rating 2,-1.0
1944,R_1gAsX7FNPHdfywT,Schizophrenia,Force,Human,Rating 2,2.0
1946,R_1gUv5wH4rTeRBKF,Schizophrenia,Accept,Human,Rating 2,2.0
1949,R_1goKPUZ6xIXff2M,Anxiety,Force,Robot,Rating 2,-3.0
1951,R_1gtHMWMy8YbBaE8,Anxiety,Force,Robot,Rating 2,-2.0
1953,R_1gwJGJDVvXhETOU,Schizophrenia,Accept,Robot,Rating 2,0.0
1955,R_1gwMBxeJN6faXNb,Anxiety,Accept,Robot,Rating 2,0.0
1956,R_1hBerVDuOtDZjl6,Anxiety,Accept,Human,Rating 2,-3.0
1958,R_1hMAWMjYx9TmIw4,Anxiety,Force,Human,Rating 2,-3.0
1961,R_1hMFmMKCduSBIbg,Schizophrenia,Accept,Robot,Rating 2,3.0
1963,R_1hRJT7u4fTGDgmB,Schizophrenia,Accept,Robot,Rating 2,2.0
1965,R_1hTlzo9TzpJ1GdG,Anxiety,Force,Robot,Rating 2,-3.0
1967,R_1i3DRWvazqEAH5C,Schizophrenia,Force,Robot,Rating 2,3.0
1968,R_1i3P7bCKw9wBw5E,Anxiety,Force,Human,Rating 2,-3.0
1970,R_1iarliUGFcqtuM6,Anxiety,Force,Human,Rating 2,1.0
1972,R_1ie7zolcBKRV1e5,Schizophrenia,Force,Human,Rating 2,-2.0
1975,R_1igifmIoJRuPLmq,Schizophrenia,Accept,Robot,Rating 2,-3.0
1977,R_1ik5XUwrrY8JVsq,Schizophrenia,Force,Robot,Rating 2,1.0
1978,R_1irZTkNw2XbqWiw,Schizophrenia,Accept,Human,Rating 2,-3.0
1980,R_1jHslyfBaCtTCRX,Schizophrenia,Accept,Human,Rating 2,-1.0
1982,R_1jJT39RVeW8zBfv,Schizophrenia,Force,Human,Rating 2,-3.0
1985,R_1jdnuBHULFfgekz,Anxiety,Force,Robot,Rating 2,-3.0
1986,R_1jeJtaPcxvbSsEK,Schizophrenia,Accept,Human,Rating 2,-1.0
1989,R_1jlcgmmg7P4eyCS,Schizophrenia,Force,Robot,Rating 2,0.0
1991,R_1jwxjOHKMB7MwWl,Schizophrenia,Force,Robot,Rating 2,-1.0
1992,R_1kF7tnhNtdi2wFW,Anxiety,Accept,Human,Rating 2,-3.0
1994,R_1kNcqc075E8xdDH,Anxiety,Accept,Human,Rating 2,0.0
1996,R_1kO1FzrbYaktFCC,Anxiety,Force,Human,Rating 2,-3.0
1998,R_1kSNpj5yhLUm6RJ,Schizophrenia,Force,Human,Rating 2,-3.0
2000,R_1kZmgC4tCdVIYjp,Schizophrenia,Accept,Human,Rating 2,0.0
2002,R_1lcaqGfa5jwQXGt,Schizophrenia,Accept,Human,Rating 2,-3.0
2004,R_1lnIH8nq7FJNsAX,Schizophrenia,Force,Human,Rating 2,-2.0
2007,R_1mPHYg4mnb7F86n,Anxiety,Force,Robot,Rating 2,1.0
2008,R_1mQryo4DRT8M8lJ,Anxiety,Accept,Human,Rating 2,1.0
2011,R_1mUclnUnfIfkhAD,Schizophrenia,Accept,Robot,Rating 2,0.0
2012,R_1mVGbQu3NZn9Dwr,Schizophrenia,Accept,Human,Rating 2,3.0
2014,R_1mjRdH0uBE7sqcH,Schizophrenia,Force,Human,Rating 2,2.0
2016,R_1mwuCqTjjh0EpJG,Anxiety,Accept,Human,Rating 2,2.0
2018,R_1o7nRtSDhRU2ta5,Schizophrenia,Accept,Human,Rating 2,3.0
2020,R_1o8aIT5sj6cNAhz,Schizophrenia,Force,Human,Rating 2,3.0
2022,R_1oA7Rmx3ktcjVEH,Anxiety,Accept,Human,Rating 2,-3.0
2024,R_1oBXWyTWpcgMoFw,Anxiety,Force,Human,Rating 2,3.0
2027,R_1ov6789shJ03Imy,Anxiety,Force,Robot,Rating 2,3.0
2028,R_1owfxPDnqNxDQid,Schizophrenia,Force,Human,Rating 2,3.0
2030,R_1pESDTuNy5w918D,Anxiety,Accept,Human,Rating 2,2.0
2032,R_1pSfcIJCQVgxS9a,Anxiety,Accept,Human,Rating 2,3.0
2035,R_1qVRjK04LrB7R4V,Schizophrenia,Force,Robot,Rating 2,2.0
2037,R_1qWWzYx8maTADyd,Anxiety,Force,Robot,Rating 2,0.0
2039,R_1qXuxnOPnsK3IPB,Schizophrenia,Accept,Robot,Rating 2,1.0
2040,R_1r2FYq3FrWGCHYQ,Anxiety,Accept,Human,Rating 2,2.0
2042,R_1rHPw3oRqRp3lsl,Anxiety,Accept,Human,Rating 2,3.0
2044,R_1rHbZF16BbHrDXx,Anxiety,Force,Human,Rating 2,-2.0
2046,R_1rjG2JpQE7ZV8eQ,Schizophrenia,Accept,Human,Rating 2,0.0
2049,R_1rkxWzMwB1iUtIi,Anxiety,Accept,Robot,Rating 2,0.0
2051,R_20PfR6zcDIUvmcP,Schizophrenia,Force,Robot,Rating 2,-2.0
2053,R_20T1pOBye6W8Ioe,Schizophrenia,Force,Robot,Rating 2,1.0
2054,R_20Uvb3EtWwqT06N,Anxiety,Force,Human,Rating 2,-1.0
2057,R_211vLcHONSTB0Jp,Anxiety,Accept,Robot,Rating 2,-2.0
2058,R_214z13glILammHi,Anxiety,Force,Human,Rating 2,-2.0
2060,R_21BulP2lNnyAit5,Schizophrenia,Accept,Human,Rating 2,-3.0
2062,R_21dILMtywlm6QGq,Schizophrenia,Force,Human,Rating 2,-3.0
2064,R_21iV2G5gepwgiaP,Anxiety,Accept,Human,Rating 2,0.0
2067,R_21ik5WKKlm1SPKg,Anxiety,Accept,Robot,Rating 2,3.0
2069,R_21mLssIHdb3qc7B,Anxiety,Accept,Robot,Rating 2,-1.0
2070,R_22E5JT6r10cdQqw,Anxiety,Force,Human,Rating 2,-2.0
2073,R_22RquaaBH3Tta4m,Anxiety,Force,Robot,Rating 2,-2.0
2074,R_22SbBbTU9skZcoP,Anxiety,Force,Human,Rating 2,2.0
2076,R_22X2Qe6L78jTkww,Schizophrenia,Force,Human,Rating 2,-2.0
2078,R_22lVoDP7wwrucpw,Anxiety,Force,Human,Rating 2,-3.0
2080,R_23fOA9WKDDu6K9E,Schizophrenia,Force,Human,Rating 2,-3.0
2082,R_245G8oEJFLK0x4V,Anxiety,Accept,Human,Rating 2,-1.0
2085,R_24AA9F94chXx3IE,Schizophrenia,Force,Robot,Rating 2,-3.0
2086,R_24AuK0ZONQsprml,Schizophrenia,Force,Human,Rating 2,-1.0
2088,R_24FU1tugXFKepcg,Schizophrenia,Accept,Human,Rating 2,0.0
2090,R_24I7wUpj6lexVoS,Schizophrenia,Force,Human,Rating 2,-1.0
2092,R_24px2UsXRxLPBRr,Schizophrenia,Accept,Human,Rating 2,-3.0
2095,R_24vfy0CkLsuCVgI,Schizophrenia,Accept,Robot,Rating 2,0.0
2097,R_25LUAxptq5jYVBR,Anxiety,Accept,Robot,Rating 2,1.0
2099,R_25NrHNlZpyVbGGX,Schizophrenia,Accept,Robot,Rating 2,-1.0
2100,R_25SezlUMI2dnocj,Anxiety,Force,Human,Rating 2,2.0
2103,R_25tkkiBI8DJzvFq,Anxiety,Accept,Robot,Rating 2,3.0
2105,R_25uzUz6j3kgUTvn,Anxiety,Force,Robot,Rating 2,-3.0
2106,R_25zO8uME3pp1y4f,Schizophrenia,Force,Human,Rating 2,-1.0
2108,R_25zSmowqeMAtPAF,Schizophrenia,Accept,Human,Rating 2,-3.0
2111,R_25zrpZ2zgKp46HK,Schizophrenia,Force,Robot,Rating 2,0.0
2112,R_272PZR4ATJyqV9k,Anxiety,Accept,Human,Rating 2,-3.0
2115,R_273GdNseqKcjUpP,Schizophrenia,Accept,Robot,Rating 2,-1.0
2117,R_27rEn6s6uAlPguM,Anxiety,Accept,Robot,Rating 2,0.0
2118,R_27wFEqSrGEXDjXB,Schizophrenia,Accept,Human,Rating 2,3.0
2121,R_27xJrIcwwJPKke4,Anxiety,Accept,Robot,Rating 2,3.0
2122,R_28D7byedpBFStLH,Schizophrenia,Force,Human,Rating 2,-3.0
2125,R_28HEHNMsk49J2IJ,Schizophrenia,Accept,Robot,Rating 2,3.0
2126,R_28U3a46RWlClNyi,Schizophrenia,Accept,Human,Rating 2,1.0
2129,R_28UoKCtB1kKiHPF,Schizophrenia,Accept,Robot,Rating 2,0.0
2131,R_291gw9jU7NNpOr9,Anxiety,Force,Robot,Rating 2,-3.0
2133,R_295DlX7a8tGIqEf,Schizophrenia,Force,Robot,Rating 2,3.0
2135,R_29aYrBSxdE5eABd,Anxiety,Accept,Robot,Rating 2,2.0
2136,R_29alPQLjkFzqxOJ,Schizophrenia,Accept,Human,Rating 2,-2.0
2138,R_29dc3YdIfRMGC2t,Anxiety,Force,Human,Rating 2,-2.0
2140,R_29sQ7TfaaXSkKol,Schizophrenia,Accept,Human,Rating 2,0.0
2142,R_2AGS1wWKPk5AZ9c,Schizophrenia,Force,Human,Rating 2,-3.0
2145,R_2AHK2tkwR4c5T7Q,Schizophrenia,Accept,Robot,Rating 2,-2.0
2147,R_2AQdmKQBfVlLftG,Anxiety,Accept,Robot,Rating 2,3.0
2148,R_2AXUwW5QCYxdY4T,Schizophrenia,Accept,Human,Rating 2,0.0
2151,R_2B2j7RF9OorXVvd,Anxiety,Accept,Robot,Rating 2,-1.0
2152,R_2B4k1I7SK5mrxfo,Anxiety,Force,Human,Rating 2,-2.0
2154,R_2B9ylJ8LN7qXKpU,Schizophrenia,Accept,Human,Rating 2,-3.0
2157,R_2BlgN7Fle3TXmCk,Anxiety,Accept,Robot,Rating 2,-1.0
2159,R_2BlkUqnNNWs4RUX,Schizophrenia,Accept,Robot,Rating 2,-3.0
2161,R_2BmJz6LMnWlLKfu,Schizophrenia,Accept,Robot,Rating 2,3.0
2163,R_2BmqpkVmZCaVvJC,Schizophrenia,Accept,Robot,Rating 2,-3.0
2165,R_2Bx2JV1YTtbbqaF,Anxiety,Force,Robot,Rating 2,0.0
2166,R_2CDHGcmWIOVQiiF,Schizophrenia,Force,Human,Rating 2,-3.0
2169,R_2CIWDGoCc39s4N5,Anxiety,Accept,Robot,Rating 2,0.0
2171,R_2CIk9txM1SjHquu,Anxiety,Accept,Robot,Rating 2,-1.0
2172,R_2CTzl28MISwPbAq,Schizophrenia,Accept,Human,Rating 2,-1.0
2174,R_2CjDEU32qiBOVWO,Schizophrenia,Force,Human,Rating 2,0.0
2177,R_2D17qBab8e4LHQ4,Anxiety,Force,Robot,Rating 2,-3.0
2179,R_2D1gBUE5Vgk5wLu,Anxiety,Force,Robot,Rating 2,0.0
2181,R_2DNRGFCddw4Irrg,Anxiety,Accept,Robot,Rating 2,0.0
2182,R_2E0ItLwv1x5eF2M,Schizophrenia,Accept,Human,Rating 2,-1.0
2184,R_2E3Hcn9Pd0PKgfa,Schizophrenia,Accept,Human,Rating 2,-3.0
2187,R_2EB1N0PxrZ6LhMx,Schizophrenia,Force,Robot,Rating 2,2.0
2188,R_2EE2B9zaRUEDhG1,Anxiety,Accept,Human,Rating 2,1.0
2191,R_2Eb0eY4x6jlvBwV,Schizophrenia,Accept,Robot,Rating 2,0.0
2192,R_2EbprvFcw2ydB4T,Anxiety,Accept,Human,Rating 2,-3.0
2194,R_2EgIvOpHyZ4GC94,Schizophrenia,Force,Human,Rating 2,1.0
2196,R_2EjdL2FsFOkUjG1,Schizophrenia,Accept,Human,Rating 2,-3.0
2199,R_2ONEzkQuR2TS1Sx,Anxiety,Accept,Robot,Rating 2,-2.0
2200,R_2OO2ClMbdP6mXCI,Anxiety,Force,Human,Rating 2,0.0
2203,R_2OOo9V1QQN4LlND,Schizophrenia,Accept,Robot,Rating 2,0.0
2204,R_2P0U5DLkcvRhmTk,Schizophrenia,Force,Human,Rating 2,2.0
2207,R_2P4MfmLKjjhyjAW,Anxiety,Accept,Robot,Rating 2,3.0
2208,R_2PBS0YPf54t3zts,Anxiety,Force,Human,Rating 2,-3.0
2210,R_2PjtYv8aPmdqwGr,Schizophrenia,Force,Human,Rating 2,-1.0
2213,R_2PjunXcUDMq8tiO,Schizophrenia,Accept,Robot,Rating 2,0.0
2214,R_2PkjrTAIMYItU3M,Anxiety,Accept,Human,Rating 2,2.0
2216,R_2PnDDy3ZNdixt1M,Schizophrenia,Force,Human,Rating 2,-1.0
2218,R_2PqhMG85Ly5X962,Anxiety,Accept,Human,Rating 2,0.0
2221,R_2PyQDpMLdscRnmX,Anxiety,Force,Robot,Rating 2,0.0
2222,R_2QLCySA2KnrHJTZ,Anxiety,Accept,Human,Rating 2,3.0
2225,R_2QMw3PTSAJwZY2l,Anxiety,Accept,Robot,Rating 2,1.0
2227,R_2QQBPS5OiJl2NlE,Schizophrenia,Accept,Robot,Rating 2,-2.0
2229,R_2QYib0VRcK92mEk,Anxiety,Force,Robot,Rating 2,-1.0
2231,R_2QlaScRVb09QRd9,Schizophrenia,Accept,Robot,Rating 2,-2.0
2232,R_2QmtTdrFSjeb4fU,Anxiety,Accept,Human,Rating 2,1.0
2234,R_2QnZljuNdg70lUD,Schizophrenia,Accept,Human,Rating 2,-1.0
2236,R_2QtjUsWegVZZWxW,Schizophrenia,Accept,Human,Rating 2,-3.0
2238,R_2R1E9DM4nZs8R0O,Schizophrenia,Accept,Human,Rating 2,-1.0
2240,R_2R7GWFb2JqHno4Z,Schizophrenia,Accept,Human,Rating 2,2.0
2243,R_2RXoGHZdfvBWoCW,Schizophrenia,Accept,Robot,Rating 2,-2.0
2244,R_2S6lMjPA3pcV4cD,Schizophrenia,Accept,Human,Rating 2,2.0
2246,R_2SHmKwhkagwbxjT,Anxiety,Accept,Human,Rating 2,0.0
2249,R_2SoDL1Tmw6bgsQ5,Anxiety,Accept,Robot,Rating 2,0.0
2251,R_2SrE53i1ThhOuo9,Schizophrenia,Accept,Robot,Rating 2,0.0
2252,R_2TB280UM3rvQ8PO,Anxiety,Force,Human,Rating 2,-3.0
2254,R_2TMqJlmvPcqokST,Schizophrenia,Accept,Human,Rating 2,-2.0
2257,R_2TWUCYmR08dKCnw,Schizophrenia,Force,Robot,Rating 2,-2.0
2258,R_2TYGJOCO0aZJqd9,Anxiety,Accept,Human,Rating 2,-3.0
2260,R_2TYPr4bUNzfHpmY,Schizophrenia,Force,Human,Rating 2,2.0
2262,R_2TmXZz0Qk5RKB6J,Schizophrenia,Accept,Human,Rating 2,-2.0
2265,R_2TpiUmeRKEznXEm,Anxiety,Force,Robot,Rating 2,0.0
2267,R_2U0kROM30Qa1mVG,Schizophrenia,Force,Robot,Rating 2,1.0
2268,R_2UWtfTy4ajmVj6K,Schizophrenia,Accept,Human,Rating 2,-1.0
2270,R_2UXZROwEb1aCe6b,Schizophrenia,Force,Human,Rating 2,-2.0
2273,R_2UftuH4u7LYHHc4,Schizophrenia,Force,Robot,Rating 2,3.0
2274,R_2Uit5Y8fD7HZJmI,Schizophrenia,Accept,Human,Rating 2,-3.0
2276,R_2V1KCSPllmn8gzE,Schizophrenia,Accept,Human,Rating 2,2.0
2278,R_2V4373b7VSszpl0,Anxiety,Force,Human,Rating 2,-3.0
2280,R_2V8860GKoJTyMSz,Schizophrenia,Accept,Human,Rating 2,-3.0
2283,R_2VDgzr7U444LCuv,Schizophrenia,Force,Robot,Rating 2,0.0
2284,R_2VHEyAPsRtUEhPf,Anxiety,Accept,Human,Rating 2,2.0
2286,R_2VaSSOzmihJzUbK,Schizophrenia,Accept,Human,Rating 2,-1.0
2289,R_2VluJq2qfmNk4bW,Anxiety,Force,Robot,Rating 2,-3.0
2291,R_2VqCt3W5cixUmbk,Schizophrenia,Accept,Robot,Rating 2,-3.0
2293,R_2WCLDBHTvU3R7Ju,Schizophrenia,Accept,Robot,Rating 2,-2.0
2294,R_2WD8YlcCUpedYBC,Anxiety,Force,Human,Rating 2,-2.0
2297,R_2WN0tlbevYdZ0XI,Schizophrenia,Force,Robot,Rating 2,0.0
2298,R_2WUXPWjtG1yzebe,Schizophrenia,Accept,Human,Rating 2,-3.0
2301,R_2Wu9LmRi6AF9w33,Schizophrenia,Force,Robot,Rating 2,1.0
2302,R_2Wuo25C8Us07KKf,Anxiety,Accept,Human,Rating 2,2.0
2305,R_2Wvs5Bmpfu5nJgr,Schizophrenia,Force,Robot,Rating 2,0.0
2306,R_2X56njpdbuoYoCZ,Anxiety,Force,Human,Rating 2,-2.0
2309,R_2X5MLXTnPePVmJl,Anxiety,Accept,Robot,Rating 2,0.0
2311,R_2X5uVc5LBtWa1Zy,Anxiety,Accept,Robot,Rating 2,1.0
2312,R_2XakXvT3aY1qEDD,Schizophrenia,Force,Human,Rating 2,0.0
2315,R_2XdOzNl92TBIUAn,Schizophrenia,Accept,Robot,Rating 2,-2.0
2316,R_2XhftvQmvs15Oa8,Anxiety,Accept,Human,Rating 2,-3.0
2318,R_2XplI0zoVWfA0L1,Schizophrenia,Accept,Human,Rating 2,-3.0
2321,R_2Y2KuhgwSMttken,Schizophrenia,Force,Robot,Rating 2,1.0
2323,R_2YJ6FOigPqzDw94,Schizophrenia,Accept,Robot,Rating 2,-3.0
2324,R_2YLeqdzeQgPsyrH,Schizophrenia,Force,Human,Rating 2,-2.0
2326,R_2YyOj7QYdsyEszc,Anxiety,Force,Human,Rating 2,-3.0
2329,R_2ZTGlspu5YOIoSK,Schizophrenia,Accept,Robot,Rating 2,0.0
2331,R_2ZUgIdjF9lyPolB,Schizophrenia,Accept,Robot,Rating 2,0.0
2332,R_2a90FZCz1nUWn3O,Anxiety,Accept,Human,Rating 2,3.0
2335,R_2a9mAGDcDAHvvU5,Anxiety,Force,Robot,Rating 2,-3.0
2336,R_2abIUC5Q690ffm5,Anxiety,Accept,Human,Rating 2,0.0
2339,R_2an1IpZTGn3of3E,Anxiety,Force,Robot,Rating 2,-3.0
2340,R_2atLop1JHw70z8n,Schizophrenia,Force,Human,Rating 2,-2.0
2343,R_2b34tZdh2zom5n4,Schizophrenia,Force,Robot,Rating 2,-1.0
2344,R_2bWqhIWA7HvADUN,Schizophrenia,Accept,Human,Rating 2,-3.0
2346,R_2bWxehtyiyXc3Ls,Anxiety,Force,Human,Rating 2,-3.0
2348,R_2bZQeJiieKk213W,Schizophrenia,Accept,Human,Rating 2,-3.0
2350,R_2c0f4ImPpVRR2oa,Anxiety,Force,Human,Rating 2,1.0
2353,R_2c1NxpFaJUNku4a,Anxiety,Force,Robot,Rating 2,-3.0
2355,R_2c88W71SPUoPSLf,Schizophrenia,Accept,Robot,Rating 2,0.0
2357,R_2c8wrbtprH1OHeC,Schizophrenia,Force,Robot,Rating 2,-2.0
2358,R_2cBZyG2YLDHBps2,Schizophrenia,Accept,Human,Rating 2,-1.0
2361,R_2cC6HwPp6AX0BsH,Schizophrenia,Force,Robot,Rating 2,1.0
2362,R_2cb95bdFXGezsle,Anxiety,Accept,Human,Rating 2,-1.0
2364,R_2cc4c6kz6DICqEo,Schizophrenia,Accept,Human,Rating 2,-1.0
2366,R_2cjT86vDH7hkW5I,Schizophrenia,Accept,Human,Rating 2,-3.0
2369,R_2coxzH6GpaKTd0p,Schizophrenia,Accept,Robot,Rating 2,0.0
2370,R_2csslgqgzt5yzyV,Anxiety,Accept,Human,Rating 2,2.0
2373,R_2cu6nDuLInRGxU3,Anxiety,Accept,Robot,Rating 2,0.0
2375,R_2dA6nfXFjq1A0G6,Anxiety,Force,Robot,Rating 2,0.0
2377,R_2di3EDVM4FKbu8g,Schizophrenia,Accept,Robot,Rating 2,0.0
2379,R_2dtoAkXifPOZjbo,Schizophrenia,Accept,Robot,Rating 2,2.0
2380,R_2dvjqrykvkUuLVa,Schizophrenia,Force,Human,Rating 2,1.0
2382,R_2e5d1J7LzNNNhP5,Anxiety,Force,Human,Rating 2,-3.0
2385,R_2eb7zM3DAmfkIti,Schizophrenia,Force,Robot,Rating 2,0.0
2387,R_2f3CMfwbK9EIM0g,Anxiety,Force,Robot,Rating 2,-3.0
2388,R_2f9ibBqjEG2qQYx,Schizophrenia,Force,Human,Rating 2,1.0
2391,R_2fJKl26GfLUb0bC,Schizophrenia,Force,Robot,Rating 2,0.0
2393,R_2fJxfZW0aqnoJ0z,Schizophrenia,Force,Robot,Rating 2,-3.0
2395,R_2fKhVZ2xSLR3VYk,Anxiety,Force,Robot,Rating 2,-1.0
2396,R_2fdj1jhuefDbi3d,Anxiety,Force,Human,Rating 2,-2.0
2398,R_2frnCYyCXx8GCOi,Schizophrenia,Force,Human,Rating 2,-3.0
2401,R_2fvNt9Pn7z2c7qP,Schizophrenia,Force,Robot,Rating 2,-1.0
2403,R_2fxNXiSudoUJPY2,Schizophrenia,Force,Robot,Rating 2,-2.0
2404,R_2fxqhJSzZXqQSgr,Schizophrenia,Force,Human,Rating 2,1.0
2407,R_2gxMyBAjonu5o6R,Anxiety,Accept,Robot,Rating 2,1.0
2408,R_2o7S4MtCLz9tc8V,Schizophrenia,Force,Human,Rating 2,2.0
2411,R_2pXeIudEOrKJGs1,Anxiety,Accept,Robot,Rating 2,3.0
2412,R_2qeZ6vh0gQa1CCB,Schizophrenia,Force,Human,Rating 2,1.0
2415,R_2qkKjd4ysBhyjc2,Anxiety,Accept,Robot,Rating 2,-1.0
2416,R_2qpxc6bQq7Bi3sE,Schizophrenia,Accept,Human,Rating 2,-1.0
2419,R_2qqid9H4OuupMrx,Anxiety,Accept,Robot,Rating 2,0.0
2421,R_2qrZdtwgc5FF8E5,Anxiety,Accept,Robot,Rating 2,2.0
2422,R_2rAe5HhFEZneCFD,Anxiety,Force,Human,Rating 2,1.0
2424,R_2rCKTZicvBPTNw6,Anxiety,Accept,Human,Rating 2,0.0
2427,R_2rNOi549kCQLymF,Schizophrenia,Force,Robot,Rating 2,1.0
2428,R_2rON8En00y8hXIN,Schizophrenia,Force,Human,Rating 2,1.0
2430,R_2rPFsO30Zm1M0DA,Anxiety,Accept,Human,Rating 2,2.0
2433,R_2rkXCbAhMXzOrxO,Anxiety,Force,Robot,Rating 2,-1.0
2435,R_2s0UER0g6DJaOoM,Anxiety,Accept,Robot,Rating 2,0.0
2437,R_2s1J2FYzmykIebs,Schizophrenia,Accept,Robot,Rating 2,0.0
2439,R_2s4Pa3FwYHoz95Y,Schizophrenia,Force,Robot,Rating 2,2.0
2440,R_2s54g5x73gVgOaX,Schizophrenia,Accept,Human,Rating 2,3.0
2442,R_2s59UzXq4R3ARR0,Anxiety,Accept,Human,Rating 2,2.0
2445,R_2s7S0tcRcNpmOc1,Schizophrenia,Force,Robot,Rating 2,-3.0
2446,R_2sX4wl2Z6EnuufB,Anxiety,Accept,Human,Rating 2,3.0
2448,R_2sZmOLzxyslMWLc,Anxiety,Accept,Human,Rating 2,-1.0
2450,R_2t1YoPUXaKo3nm9,Schizophrenia,Force,Human,Rating 2,1.0
2452,R_2t4pDQZPuICLAm8,Schizophrenia,Force,Human,Rating 2,1.0
2454,R_2t5A0jrUXiG0vbC,Anxiety,Accept,Human,Rating 2,3.0
2456,R_2tA7EeaFSnk8FHS,Anxiety,Force,Human,Rating 2,-3.0
2459,R_2tKDexSKIF2XHxm,Anxiety,Accept,Robot,Rating 2,0.0
2460,R_2tat7yAywJgmOPL,Schizophrenia,Accept,Human,Rating 2,-3.0
2463,R_2tmoi46if4tSdTY,Anxiety,Force,Robot,Rating 2,-1.0
2465,R_2trloWonwfuGnwg,Schizophrenia,Accept,Robot,Rating 2,-3.0
2467,R_2tupyzsmqeVUsi5,Anxiety,Accept,Robot,Rating 2,1.0
2468,R_2uD7me8YpKECJ55,Schizophrenia,Force,Human,Rating 2,1.0
2470,R_2uEsutYMCFTU8wW,Schizophrenia,Accept,Human,Rating 2,-3.0
2473,R_2uJvL5wYbmBsJ3r,Schizophrenia,Force,Robot,Rating 2,-1.0
2474,R_2uJw2G7BQ3Y9VEE,Anxiety,Force,Human,Rating 2,-3.0
2477,R_2uP1whDsmrnfUwM,Anxiety,Accept,Robot,Rating 2,2.0
2478,R_2uWGYs0nc4SIDCV,Schizophrenia,Force,Human,Rating 2,-3.0
2480,R_2uq8Buzh2W8UUcR,Anxiety,Force,Human,Rating 2,-1.0
2483,R_2ur0R6A8wyP7a7k,Anxiety,Accept,Robot,Rating 2,1.0
2485,R_2uvTIlmCLErT408,Anxiety,Force,Robot,Rating 2,-2.0
2487,R_2v9aNNIpPcgJ53t,Anxiety,Accept,Robot,Rating 2,0.0
2488,R_2v9bsn4Ob8ELRdC,Anxiety,Accept,Human,Rating 2,0.0
2490,R_2w4s0L1S2I2IUW2,Anxiety,Accept,Human,Rating 2,1.0
2493,R_2w5BC275tME5q0m,Anxiety,Force,Robot,Rating 2,-3.0
2495,R_2w5MkMTDRkpTXmB,Anxiety,Accept,Robot,Rating 2,1.0
2497,R_2w77Gb5ezSll57f,Anxiety,Force,Robot,Rating 2,0.0
2498,R_2wACZcKg7jm1daJ,Schizophrenia,Accept,Human,Rating 2,-3.0
2500,R_2wEvJXfzklLmfo7,Anxiety,Accept,Human,Rating 2,3.0
2502,R_2wRILtwOJzw2GJn,Anxiety,Force,Human,Rating 2,2.0
2505,R_2wa7mz89D78qAGR,Schizophrenia,Force,Robot,Rating 2,0.0
2507,R_2wnTWNsDs5UeVhE,Anxiety,Force,Robot,Rating 2,-3.0
2509,R_2wnpOMEyGsLeKsG,Schizophrenia,Accept,Robot,Rating 2,2.0
2511,R_2woS5TJe9rjxbQs,Anxiety,Accept,Robot,Rating 2,3.0
2513,R_2woiMurwNhKprHc,Schizophrenia,Force,Robot,Rating 2,0.0
2515,R_2wvLIsVh79QtZ1S,Anxiety,Accept,Robot,Rating 2,0.0
2516,R_2xOTsdutjlIjX9v,Schizophrenia,Accept,Human,Rating 2,0.0
2519,R_2xPGxU8PtUoPoSU,Schizophrenia,Force,Robot,Rating 2,1.0
2520,R_2y18utsGQ1GqPkV,Schizophrenia,Accept,Human,Rating 2,-1.0
2523,R_2y2uCz36VIDJk3T,Anxiety,Force,Robot,Rating 2,-3.0
2525,R_2ypf7Q5c5YnMm8q,Anxiety,Accept,Robot,Rating 2,-1.0
2527,R_2z5PnNv01kvZ1Kp,Schizophrenia,Accept,Robot,Rating 2,0.0
2528,R_2z5tNcRvFPnRAXw,Anxiety,Accept,Human,Rating 2,3.0
2530,R_2zMC0qyJMqtDFmg,Schizophrenia,Accept,Human,Rating 2,-3.0
2533,R_2zr0nMjPLIfgYrt,Anxiety,Force,Robot,Rating 2,0.0
2535,R_300gOn9uhlXgK8u,Schizophrenia,Accept,Robot,Rating 2,1.0
2537,R_30681Znb8cFKzeX,Anxiety,Force,Robot,Rating 2,-3.0
2538,R_30bKdLklGtjAu60,Schizophrenia,Force,Human,Rating 2,-3.0
2541,R_30dEvjKjqqYE4r6,Anxiety,Force,Robot,Rating 2,-3.0
2542,R_30hOsB1hO9dDBXm,Anxiety,Accept,Human,Rating 2,2.0
2545,R_30hRz7OUhNRY9bn,Schizophrenia,Accept,Robot,Rating 2,2.0
2547,R_31BI8nv3tMwKoom,Anxiety,Accept,Robot,Rating 2,0.0
2549,R_31FeecHnovWzBhU,Anxiety,Accept,Robot,Rating 2,0.0
2551,R_31GDLFig5mbSQi2,Schizophrenia,Force,Robot,Rating 2,-1.0
2552,R_31Nldcl0J92635P,Anxiety,Force,Human,Rating 2,-3.0
2555,R_31YFMe91RvyaAbE,Anxiety,Accept,Robot,Rating 2,0.0
2556,R_31ZBkWEJrLRwPLr,Anxiety,Accept,Human,Rating 2,0.0
2559,R_31bFE0z0yy3nkqF,Anxiety,Accept,Robot,Rating 2,1.0
2561,R_31bawDJb8NJICtv,Anxiety,Accept,Robot,Rating 2,0.0
2562,R_322wjzFk32D58vj,Schizophrenia,Accept,Human,Rating 2,3.0
2565,R_32YjyZhMRWBkj7G,Schizophrenia,Accept,Robot,Rating 2,3.0
2567,R_339XRnv1uBgAbaF,Anxiety,Accept,Robot,Rating 2,0.0
2569,R_33BdMbWJmtmz0Dx,Anxiety,Accept,Robot,Rating 2,0.0
2571,R_33DuRLYub5HKy9t,Anxiety,Force,Robot,Rating 2,-1.0
2572,R_33dtUMFkvI0jlNU,Schizophrenia,Force,Human,Rating 2,2.0
2575,R_33kHyFvix0eNHqe,Anxiety,Force,Robot,Rating 2,0.0
2577,R_33qyxy0LOZNTb2l,Anxiety,Accept,Robot,Rating 2,-1.0
2578,R_33shMmvTa12GEir,Schizophrenia,Accept,Human,Rating 2,3.0
2581,R_3CTvP0xWsnPXgYk,Anxiety,Accept,Robot,Rating 2,3.0
2582,R_3CTzjHVs3xSWPIQ,Schizophrenia,Accept,Human,Rating 2,-2.0
2584,R_3D5Alw8JOm6gUv3,Schizophrenia,Force,Human,Rating 2,1.0
2587,R_3Dbb8Mdbkq1Hf0E,Schizophrenia,Force,Robot,Rating 2,-3.0
2588,R_3DuXFS8HMITWlHv,Anxiety,Accept,Human,Rating 2,2.0
2590,R_3EG4Dn7YH5VZvdQ,Schizophrenia,Accept,Human,Rating 2,3.0
2592,R_3EGQIOElnrz4q2t,Anxiety,Accept,Human,Rating 2,3.0
2595,R_3Ea0LQ4aC1GhtU1,Schizophrenia,Accept,Robot,Rating 2,-1.0
2596,R_3EhayHR8hZ6PD3X,Anxiety,Accept,Human,Rating 2,-2.0
2599,R_3EyWsATpIMKo14Y,Schizophrenia,Accept,Robot,Rating 2,1.0
2601,R_3EzNPg8QlbACcZz,Schizophrenia,Force,Robot,Rating 2,-1.0
2602,R_3FOhO90ALQaDbv6,Anxiety,Accept,Human,Rating 2,-2.0
2604,R_3GdhQEX2U2KZ4X8,Schizophrenia,Accept,Human,Rating 2,3.0
2607,R_3GprTSQs8R3jH7v,Schizophrenia,Accept,Robot,Rating 2,-3.0
2609,R_3GqDmPb4HqNd97R,Schizophrenia,Accept,Robot,Rating 2,0.0
2610,R_3Gv056KJ4nepwO0,Anxiety,Accept,Human,Rating 2,-3.0
2613,R_3HB1S6VzTs9flzp,Anxiety,Accept,Robot,Rating 2,3.0
2615,R_3HBxbJI8zBOZ2QX,Anxiety,Accept,Robot,Rating 2,-2.0
2616,R_3HFAH158s9rjGjD,Schizophrenia,Force,Human,Rating 2,2.0
2618,R_3HFewE2eVqRX4p8,Anxiety,Accept,Human,Rating 2,3.0
2620,R_3HUHfNAZ7COZiMv,Schizophrenia,Force,Human,Rating 2,-1.0
2622,R_3Hi5gKNPjgqADDH,Anxiety,Accept,Human,Rating 2,0.0
2624,R_3Hn3xgaaC30XVcT,Schizophrenia,Accept,Human,Rating 2,3.0
2626,R_3HuJI3vLojKDkLb,Anxiety,Accept,Human,Rating 2,3.0
2629,R_3IAQz6SiKbvA4Xn,Schizophrenia,Force,Robot,Rating 2,1.0
2630,R_3IW3SQSjrKlfUtC,Schizophrenia,Force,Human,Rating 2,-1.0
2632,R_3IYaIQ1HA9uoIN4,Anxiety,Accept,Human,Rating 2,2.0
2635,R_3J1TU9oQ3gbJ6Ex,Schizophrenia,Accept,Robot,Rating 2,-2.0
2637,R_3J3Ol9oms7WmfuL,Schizophrenia,Force,Robot,Rating 2,0.0
2638,R_3JFAlhMwaIbBAWD,Schizophrenia,Force,Human,Rating 2,0.0
2640,R_3Jlzhj285HceWug,Schizophrenia,Accept,Human,Rating 2,1.0
2642,R_3Jq3yHDXEwrbdgS,Schizophrenia,Accept,Human,Rating 2,-2.0
2644,R_3JwagYCfJ2BwZwX,Anxiety,Accept,Human,Rating 2,-2.0
2646,R_3KAtygaSerIxMUj,Anxiety,Accept,Human,Rating 2,3.0
2648,R_3KC2wzAuoRx1pJC,Schizophrenia,Force,Human,Rating 2,-3.0
2651,R_3KDU2JHIXo36v1A,Anxiety,Accept,Robot,Rating 2,2.0
2653,R_3KGEii9tuYcwfDA,Anxiety,Force,Robot,Rating 2,0.0
2655,R_3KIOwWMRJVJj8Ra,Anxiety,Accept,Robot,Rating 2,0.0
2656,R_3KNJqX2BUv27tyj,Schizophrenia,Accept,Human,Rating 2,0.0
2659,R_3KUYLZgFNmSGQoE,Anxiety,Accept,Robot,Rating 2,0.0
2661,R_3KpL5MkTu3grdqp,Anxiety,Accept,Robot,Rating 2,0.0
2663,R_3KxaxJ9c43LDrC9,Anxiety,Accept,Robot,Rating 2,0.0
2664,R_3L6cNf7PgiVxi2a,Schizophrenia,Accept,Human,Rating 2,-1.0
2667,R_3LXg96gBnvbMeKt,Schizophrenia,Force,Robot,Rating 2,1.0
2669,R_3Ld7OL084m8QHJl,Schizophrenia,Force,Robot,Rating 2,0.0
2671,R_3MJt9edOtz3n76O,Anxiety,Accept,Robot,Rating 2,0.0
2673,R_3MLhumGLpZYgkQJ,Schizophrenia,Force,Robot,Rating 2,0.0
2675,R_3MgjC41fkvUMOG2,Anxiety,Force,Robot,Rating 2,-1.0
2676,R_3MguMmQPXzEEJ4k,Anxiety,Force,Human,Rating 2,2.0
2678,R_3MiIz7CrA6mapcL,Anxiety,Force,Human,Rating 2,-3.0
2680,R_3MrPoAwX2WMMOtk,Anxiety,Accept,Human,Rating 2,-1.0
2683,R_3MxI9LRbQ4MrIBi,Schizophrenia,Accept,Robot,Rating 2,-3.0
2684,R_3MyruPbmovhwe8k,Anxiety,Accept,Human,Rating 2,2.0
2686,R_3ND6ScaUfBYwJZz,Schizophrenia,Accept,Human,Rating 2,-3.0
2688,R_3NLnaSIrbLIcuk2,Anxiety,Accept,Human,Rating 2,3.0
2690,R_3NNU90ZFHdcuJ3H,Anxiety,Accept,Human,Rating 2,2.0
2692,R_3NwVGtOHMei0oCh,Schizophrenia,Accept,Human,Rating 2,3.0
2695,R_3NysNZZ4uqDwk8y,Schizophrenia,Accept,Robot,Rating 2,0.0
2696,R_3O2MwAW1z5joJwi,Schizophrenia,Accept,Human,Rating 2,1.0
2699,R_3OqVkYqDU1SVxcx,Anxiety,Accept,Robot,Rating 2,0.0
2700,R_3Or06S0yyTY1hhC,Anxiety,Force,Human,Rating 2,-3.0
2702,R_3P7Vf2YbptUBMjm,Schizophrenia,Force,Human,Rating 2,1.0
2705,R_3PFBS3lh41Zq55C,Schizophrenia,Force,Robot,Rating 2,-1.0
2706,R_3PMQHhNs87kpUFD,Anxiety,Force,Human,Rating 2,-3.0
2709,R_3PS5OPjusIz7Ett,Schizophrenia,Accept,Robot,Rating 2,-2.0
2710,R_3PTPfBPlrpNanIt,Schizophrenia,Force,Human,Rating 2,-1.0
2713,R_3PbKbsQl1IxhxJh,Schizophrenia,Accept,Robot,Rating 2,-2.0
2714,R_3PdjNiXYiZHSr9j,Schizophrenia,Accept,Human,Rating 2,-2.0
2716,R_3Ph4Dra2ZyrGKrS,Anxiety,Accept,Human,Rating 2,1.0
2718,R_3PhI9mHS766xMxk,Schizophrenia,Force,Human,Rating 2,1.0
2720,R_3Ple4gQGqiqAZrz,Schizophrenia,Accept,Human,Rating 2,-3.0
2723,R_3PnmghnuFRvOGB8,Anxiety,Force,Robot,Rating 2,-2.0
2725,R_3PsEitwEFPTX6uB,Anxiety,Accept,Robot,Rating 2,0.0
2726,R_3PulHiJpR0G8RVm,Anxiety,Force,Human,Rating 2,-1.0
2729,R_3QGB6qv1zHFDh2h,Anxiety,Accept,Robot,Rating 2,3.0
2731,R_3QGIkjIrUjjgwUx,Anxiety,Force,Robot,Rating 2,0.0
2733,R_3QK2xoTpIZuitU7,Schizophrenia,Accept,Robot,Rating 2,-2.0
2735,R_3QLscnai58ryyck,Schizophrenia,Accept,Robot,Rating 2,-3.0
2736,R_3QQXMdUS0XcMuCi,Schizophrenia,Accept,Human,Rating 2,2.0
2739,R_3QWPL31to8D1ABv,Anxiety,Accept,Robot,Rating 2,-1.0
2740,R_3QWe0mxDUwNYUmt,Anxiety,Force,Human,Rating 2,0.0
2743,R_3R42kE2171KLOui,Anxiety,Accept,Robot,Rating 2,2.0
2744,R_3R7RaOknZ7JHGsV,Schizophrenia,Force,Human,Rating 2,2.0
2747,R_3R7x2HymeIchD7N,Schizophrenia,Accept,Robot,Rating 2,0.0
2748,R_3RqgRxPvLQRbJWl,Schizophrenia,Force,Human,Rating 2,3.0
2750,R_3RsHOFEUUyBndhK,Anxiety,Accept,Human,Rating 2,2.0
2752,R_3RvDoCIWrYunmSR,Schizophrenia,Accept,Human,Rating 2,-3.0
2754,R_3VOmsmT7RLyhmzn,Anxiety,Force,Human,Rating 2,-3.0
2756,R_3aE9cRaYu3N5l05,Anxiety,Force,Human,Rating 2,-3.0
2758,R_3dDFyqYB8iFyGpw,Anxiety,Accept,Human,Rating 2,1.0
2760,R_3dN9pWW9CZ9Iwsx,Anxiety,Force,Human,Rating 2,0.0
2763,R_3dYBj5uSKhPE7ED,Anxiety,Force,Robot,Rating 2,-3.0
2764,R_3e7YCg0w6nUkRiE,Schizophrenia,Accept,Human,Rating 2,-3.0
2767,R_3emZNmjq1qzMXgX,Anxiety,Force,Robot,Rating 2,3.0
2769,R_3fBqYycS75uxeiy,Schizophrenia,Accept,Robot,Rating 2,-2.0
2771,R_3fTYmbRFzXmnesT,Anxiety,Force,Robot,Rating 2,0.0
2773,R_3fUArGw6jicOMh8,Anxiety,Force,Robot,Rating 2,-1.0
2775,R_3fdR4OvF4Npa6IS,Schizophrenia,Force,Robot,Rating 2,1.0
2777,R_3fe4pMRISk1NCk9,Schizophrenia,Force,Robot,Rating 2,2.0
2778,R_3fkKdEB9Px4ECLx,Schizophrenia,Force,Human,Rating 2,-1.0
2781,R_3flfpuPb93fzT5X,Anxiety,Force,Robot,Rating 2,-3.0
2782,R_3g1s40QXYPmxv9W,Schizophrenia,Accept,Human,Rating 2,-2.0
2785,R_3gOa0wK9duIhiXm,Schizophrenia,Accept,Robot,Rating 2,0.0
2787,R_3gZRt3b3x875HdD,Anxiety,Force,Robot,Rating 2,-2.0
2788,R_3hA52Rp5Fb0iLnt,Schizophrenia,Force,Human,Rating 2,-2.0
2791,R_3hDVIeZPEjqr4r3,Schizophrenia,Force,Robot,Rating 2,0.0
2792,R_3hGPy6N6KFp36Lq,Schizophrenia,Force,Human,Rating 2,3.0
2794,R_3iU33ezQYYE8ypL,Schizophrenia,Accept,Human,Rating 2,-3.0
2797,R_3iVAK6qPkLI5tXI,Schizophrenia,Accept,Robot,Rating 2,-2.0
2798,R_3ilNew4FLvXY5tq,Anxiety,Accept,Human,Rating 2,2.0
2801,R_3iqbU1hw3fGXaSt,Schizophrenia,Force,Robot,Rating 2,0.0
2802,R_3izpx9OULt6fbL0,Anxiety,Accept,Human,Rating 2,3.0
2805,R_3j3bVIbxFDo0dOw,Anxiety,Force,Robot,Rating 2,0.0
2806,R_3jTByEKHreuH11P,Anxiety,Accept,Human,Rating 2,-1.0
2809,R_3k682g5J24DTdfk,Anxiety,Force,Robot,Rating 2,-3.0
2811,R_3k6CYqU6zmlc1bp,Anxiety,Force,Robot,Rating 2,-3.0
2812,R_3kGrr1wMMrkpOfI,Anxiety,Force,Human,Rating 2,-1.0
2815,R_3kO4A5kliBo35k3,Anxiety,Force,Robot,Rating 2,-3.0
2817,R_3khOFFu0RZRKH0U,Schizophrenia,Force,Robot,Rating 2,2.0
2818,R_3lFz7NzyTPtgTd5,Anxiety,Accept,Human,Rating 2,1.0
2821,R_3lKpF741q1W6mj9,Anxiety,Accept,Robot,Rating 2,-3.0
2822,R_3lM1TfmPiEhwiNS,Schizophrenia,Accept,Human,Rating 2,1.0
2825,R_3lRKtus14VpmIST,Schizophrenia,Force,Robot,Rating 2,1.0
2827,R_3lVmCuRLSgNw3EJ,Anxiety,Accept,Robot,Rating 2,-1.0
2829,R_3lY4QpbRtNanP4V,Schizophrenia,Force,Robot,Rating 2,1.0
2831,R_3lt85ITEX1EW7hJ,Anxiety,Accept,Robot,Rating 2,3.0
2833,R_3lxBzmwNQvw5h57,Anxiety,Force,Robot,Rating 2,3.0
2835,R_3meqRfAR213oeXm,Schizophrenia,Accept,Robot,Rating 2,0.0
2837,R_3n7Aow9CxXYgN8R,Anxiety,Accept,Robot,Rating 2,0.0
2839,R_3n7NED9jjbK5Fse,Anxiety,Accept,Robot,Rating 2,2.0
2840,R_3n97xjWTemvgEGq,Anxiety,Accept,Human,Rating 2,3.0
2842,R_3nHQHAd2YYzvIl7,Anxiety,Force,Human,Rating 2,-1.0
2844,R_3nMKS3sLoK88yIr,Schizophrenia,Force,Human,Rating 2,1.0
2847,R_3nPDs1Bv5LewMn0,Schizophrenia,Force,Robot,Rating 2,-2.0
2848,R_3nT23DInzlEJ4iM,Schizophrenia,Force,Human,Rating 2,0.0
2850,R_3nUwSpDK0ZAlslM,Schizophrenia,Accept,Human,Rating 2,-2.0
2853,R_3noNQnTX5tYa8At,Schizophrenia,Accept,Robot,Rating 2,0.0
2855,R_3nowSzCsoJedXcj,Schizophrenia,Force,Robot,Rating 2,0.0
2856,R_3nrcjQnmTmJdA1u,Schizophrenia,Force,Human,Rating 2,-3.0
2859,R_3oAtmMF2OqDNb3k,Anxiety,Force,Robot,Rating 2,1.0
2860,R_3oHmWqI1MvPNmRf,Anxiety,Force,Human,Rating 2,-3.0
2863,R_3oWRyVzHDZDGtA5,Anxiety,Accept,Robot,Rating 2,0.0
2865,R_3qBunafUBbXrfqs,Anxiety,Accept,Robot,Rating 2,0.0
2866,R_3qIMa22G9LlHZ53,Anxiety,Accept,Human,Rating 2,2.0
2868,R_3qQLtGcC0PFYGRP,Schizophrenia,Force,Human,Rating 2,-3.0
2870,R_3qe6GViQQ6Ynavn,Anxiety,Accept,Human,Rating 2,2.0
2873,R_3qssD4oj0euQRRd,Schizophrenia,Force,Robot,Rating 2,0.0
2874,R_3r0bia9kibUaJsJ,Schizophrenia,Force,Human,Rating 2,0.0
2876,R_3rPzF6GvRgr6GyD,Anxiety,Force,Human,Rating 2,-3.0
2879,R_3rU83TBWBO5GY2W,Schizophrenia,Accept,Robot,Rating 2,-1.0
2881,R_3s4DQYwpdXCa2Ln,Schizophrenia,Accept,Robot,Rating 2,0.0
2883,R_3sbOQsFaOv7PHQA,Schizophrenia,Force,Robot,Rating 2,1.0
2884,R_3sdbFE3J5Xe8isq,Anxiety,Accept,Human,Rating 2,2.0
2886,R_3siB31IntVLZIFL,Schizophrenia,Force,Human,Rating 2,3.0
2888,R_3spRLQM6BrHlsB6,Anxiety,Accept,Human,Rating 2,3.0
2891,R_3svHbZBWOQ4EWd4,Schizophrenia,Accept,Robot,Rating 2,1.0
2892,R_40lkO51BykTcGFX,Anxiety,Force,Human,Rating 2,-3.0
2894,R_4OsYcHrFZufFsu5,Schizophrenia,Force,Human,Rating 2,0.0
2897,R_4PH6lrWtKcohsqJ,Anxiety,Accept,Robot,Rating 2,3.0
2898,R_4UvqbvZ2elTVfUd,Schizophrenia,Force,Human,Rating 2,-1.0
2901,R_4YPAkDoZoCBs5l7,Schizophrenia,Force,Robot,Rating 2,-1.0
2902,R_4YgkwCh2TPi4dp3,Schizophrenia,Accept,Human,Rating 2,0.0
2905,R_4Z7k14e0nNTUu2t,Anxiety,Force,Robot,Rating 2,-2.0
2907,R_51JvhfduYNbPKrD,Anxiety,Accept,Robot,Rating 2,1.0
2908,R_5AucBudiYkO5OBH,Anxiety,Accept,Human,Rating 2,3.0
2910,R_5bPvtrUteuAlyNz,Schizophrenia,Force,Human,Rating 2,3.0
2912,R_5hxL7Y6ReJtG4qB,Anxiety,Force,Human,Rating 2,-2.0
2914,R_5jQmqEpHAv9PBG9,Anxiety,Accept,Human,Rating 2,3.0
2916,R_5mB4GeZ1VurJ93X,Anxiety,Accept,Human,Rating 2,3.0
2919,R_5nB7MpDVxQP5c7T,Schizophrenia,Force,Robot,Rating 2,2.0
2921,R_5nCcJk6zMzPPrpL,Schizophrenia,Accept,Robot,Rating 2,-2.0
2923,R_5nkxyzNA8YLvH9f,Schizophrenia,Accept,Robot,Rating 2,-2.0
2925,R_5oiKSQDjmvIT3hf,Schizophrenia,Force,Robot,Rating 2,2.0
2926,R_6L6rS8w21ED9Qpr,Anxiety,Accept,Human,Rating 2,2.0
2928,R_6M71xpxyidviN9L,Anxiety,Force,Human,Rating 2,-3.0
2931,R_6MxkVvY9teB9bSp,Schizophrenia,Accept,Robot,Rating 2,-3.0
2932,R_6QEGXht8beGccNj,Schizophrenia,Accept,Human,Rating 2,3.0
2935,R_6mLwnk0aYrVaJZ7,Schizophrenia,Force,Robot,Rating 2,3.0
2937,R_79RSYnSuletx2gN,Anxiety,Accept,Robot,Rating 2,3.0
2939,R_7POQCbzC6Ovjtuh,Schizophrenia,Accept,Robot,Rating 2,-2.0
2941,R_7WglklNcDPdHjhv,Schizophrenia,Force,Robot,Rating 2,1.0
2942,R_7aEmjbIYC8O21UZ,Anxiety,Force,Human,Rating 2,-3.0
2945,R_82pzp5weSF9kek1,Anxiety,Accept,Robot,Rating 2,2.0
2946,R_8AI52GKK3SpCwal,Anxiety,Accept,Human,Rating 2,-2.0
2949,R_8BW0thgOlGtxr0J,Anxiety,Force,Robot,Rating 2,-3.0
2950,R_8G5Xy93FXQWnCJX,Anxiety,Accept,Human,Rating 2,2.0
2953,R_8IVwhNyNO1PrFex,Anxiety,Force,Robot,Rating 2,-1.0
2954,R_8IkoXlnKgWszw65,Anxiety,Force,Human,Rating 2,-2.0
2956,R_9GM4GkxpdPgceWt,Anxiety,Force,Human,Rating 2,-3.0
2958,R_9NdyWMAsC55uX0R,Anxiety,Force,Human,Rating 2,-2.0
2961,R_9ZbzsGoWxO0UVKp,Schizophrenia,Accept,Robot,Rating 2,-2.0
2963,R_9morBAPCppMzbtD,Schizophrenia,Accept,Robot,Rating 2,-2.0
2965,R_9nvN0iI5V4n9CyB,Schizophrenia,Force,Robot,Rating 2,-1.0
2967,R_9oACDDyWGwPmIvL,Schizophrenia,Accept,Robot,Rating 2,-3.0
2968,R_9zB75jUqIVmJqO5,Schizophrenia,Force,Human,Rating 2,1.0
2970,R_9zQAeRymf5VCbjr,Schizophrenia,Force,Human,Rating 2,2.0
2972,R_A0aupurr9Pr7mOl,Anxiety,Force,Human,Rating 2,-3.0
2974,R_A67fVq5TFtrohoZ,Schizophrenia,Force,Human,Rating 2,-1.0
2977,R_A6w8BdFJuSjnmlX,Anxiety,Force,Robot,Rating 2,0.0
2979,R_A7FA719b8kPvGuZ,Anxiety,Accept,Robot,Rating 2,0.0
2981,R_AKIoP5lsKbj6F2x,Schizophrenia,Accept,Robot,Rating 2,0.0
2983,R_AcYYJnko3it0UKd,Anxiety,Accept,Robot,Rating 2,1.0
2985,R_AjJS2Nai42qFtfP,Schizophrenia,Force,Robot,Rating 2,0.0
2987,R_AuFd5nxqXDJWEIV,Anxiety,Force,Robot,Rating 2,-2.0
2989,R_AvqlvhZo0DzW3jX,Schizophrenia,Accept,Robot,Rating 2,-2.0
2991,R_BFbxuN5M1UUKknL,Schizophrenia,Accept,Robot,Rating 2,0.0
2992,R_BL2Na3xQvh8LiTv,Schizophrenia,Accept,Human,Rating 2,-1.0
2994,R_BrbrJMFQpmYf66d,Schizophrenia,Force,Human,Rating 2,2.0
2996,R_Bun6VxcCC3zvof7,Schizophrenia,Accept,Human,Rating 2,-2.0
2999,R_BxJ9LfoA2Yn0Qtr,Anxiety,Accept,Robot,Rating 2,0.0
3001,R_ByKnLrWJ0VeB2tX,Schizophrenia,Force,Robot,Rating 2,2.0
3002,R_Bzd8l9sQ70gfXBT,Anxiety,Accept,Human,Rating 2,3.0
3004,R_BziWcinlhxKqFW1,Schizophrenia,Force,Human,Rating 2,2.0
3006,R_Ca8Rl5tfrCQbVkZ,Schizophrenia,Force,Human,Rating 2,2.0
3008,R_Caa1drK39bCrJQJ,Anxiety,Accept,Human,Rating 2,3.0
3010,R_Cf97bB7c6ssnu3D,Anxiety,Force,Human,Rating 2,0.0
3012,R_Cm2CP0MJyU6PnGh,Anxiety,Accept,Human,Rating 2,3.0
3015,R_DDcoreDCXYpAlup,Schizophrenia,Accept,Robot,Rating 2,0.0
3017,R_DMhQ91uKAdJ7nkR,Anxiety,Force,Robot,Rating 2,-3.0
3019,R_DVtb82vZmsAFXFf,Schizophrenia,Force,Robot,Rating 2,1.0
3020,R_DbKcS7vgAc93iFP,Schizophrenia,Force,Human,Rating 2,2.0
3023,R_DpjX71n3QmP4KZj,Schizophrenia,Accept,Robot,Rating 2,0.0
3024,R_Dqs0hasV5OEeFOh,Schizophrenia,Accept,Human,Rating 2,-2.0
3026,R_DvE1hZcKOWoHJCh,Schizophrenia,Accept,Human,Rating 2,3.0
3028,R_Dvr7SbB567vnAXL,Schizophrenia,Accept,Human,Rating 2,-3.0
3030,R_Dwtmz8VKSA3itGx,Schizophrenia,Accept,Human,Rating 2,0.0
3032,R_NUu5LL7a02sISe5,Schizophrenia,Force,Human,Rating 2,0.0
3035,R_NVLeJImaMHDRQWt,Anxiety,Accept,Robot,Rating 2,3.0
3036,R_NVWHgrad3cGQw0x,Schizophrenia,Force,Human,Rating 2,2.0
3038,R_O0CjJzPulPYxhzb,Anxiety,Force,Human,Rating 2,-3.0
3041,R_O1lRiA1c2rILF1n,Anxiety,Force,Robot,Rating 2,-3.0
3042,R_O3xbzpIiRSKRePn,Anxiety,Accept,Human,Rating 2,3.0
3045,R_O6H21IEWnXsHsK5,Schizophrenia,Accept,Robot,Rating 2,-2.0
3047,R_O6x5bkYEygKpkXL,Anxiety,Force,Robot,Rating 2,-3.0
3049,R_O9EgTqYRHysaOOd,Anxiety,Force,Robot,Rating 2,1.0
3050,R_ODrlrjNEVgUVpsZ,Anxiety,Force,Human,Rating 2,-2.0
3053,R_OPfZdZPeJiYXdSN,Schizophrenia,Accept,Robot,Rating 2,-2.0
3054,R_Od2NMma7DSCpbcR,Schizophrenia,Accept,Human,Rating 2,-1.0
3057,R_OdpKd9HLruR1Rw5,Schizophrenia,Accept,Robot,Rating 2,0.0
3058,R_PARBlnf7gM5pYe5,Schizophrenia,Force,Human,Rating 2,-2.0
3060,R_PRQWamSVhkgsAH7,Schizophrenia,Force,Human,Rating 2,0.0
3063,R_PTG2ifnclkSYAaB,Schizophrenia,Force,Robot,Rating 2,3.0
3065,R_PZB3cTo6uS05rqh,Schizophrenia,Force,Robot,Rating 2,0.0
3067,R_Pvo1DNYv9ARcLmx,Anxiety,Accept,Robot,Rating 2,3.0
3068,R_Q3t6SSuvMYfkbER,Schizophrenia,Force,Human,Rating 2,1.0
3070,R_Q5NYNEmP1IUCgaB,Schizophrenia,Accept,Human,Rating 2,-1.0
3073,R_Q9UA9RqQZW1qv6N,Schizophrenia,Force,Robot,Rating 2,2.0
3074,R_QbwAXiwr0PQrcI1,Anxiety,Accept,Human,Rating 2,0.0
3077,R_RCcl9mVZJHwJXz3,Anxiety,Accept,Robot,Rating 2,0.0
3078,R_RKom84T56ywTZux,Schizophrenia,Force,Human,Rating 2,2.0
3081,R_RPRPxLtmkzHoUJb,Anxiety,Accept,Robot,Rating 2,2.0
3082,R_RhucT5cF4vN5H0J,Anxiety,Accept,Human,Rating 2,-1.0
3085,R_RwOs836aAf8BWZX,Schizophrenia,Accept,Robot,Rating 2,3.0
3087,R_SHmOsOug5uEI3zX,Anxiety,Accept,Robot,Rating 2,0.0
3089,R_SIXHzFPn6Gawt6p,Schizophrenia,Force,Robot,Rating 2,0.0
3090,R_SNbNfDY6I1CACQh,Schizophrenia,Accept,Human,Rating 2,2.0
3092,R_STBKh4OPyEJiGel,Anxiety,Accept,Human,Rating 2,0.0
3094,R_SYSOo7s5hn0vWr7,Anxiety,Force,Human,Rating 2,-3.0
3096,R_Ti7JPRsJW3fV5Lz,Schizophrenia,Force,Human,Rating 2,3.0
3099,R_TnCXZUrHWNwPcsx,Anxiety,Accept,Robot,Rating 2,-3.0
3101,R_UABBv3rewYdcFMJ,Schizophrenia,Force,Robot,Rating 2,2.0
3103,R_UDyiCG8CVWzDdC1,Schizophrenia,Accept,Robot,Rating 2,-3.0
3105,R_UQMa5FS7yYDyl8Z,Anxiety,Force,Robot,Rating 2,0.0
3107,R_UQMpPgdeGTbxuM1,Anxiety,Accept,Robot,Rating 2,0.0
3109,R_USJJw6VV4E2J5S1,Schizophrenia,Force,Robot,Rating 2,-2.0
3110,R_UcjiROg05X8N3TH,Schizophrenia,Accept,Human,Rating 2,1.0
3112,R_Ui34IKGZqfki7a9,Anxiety,Accept,Human,Rating 2,-2.0
3114,R_Uyzww057EO26Czv,Anxiety,Accept,Human,Rating 2,3.0
3117,R_UzKk0x9J9nwQBY5,Anxiety,Accept,Robot,Rating 2,1.0
3119,R_VUTunmW94EWEmOd,Schizophrenia,Force,Robot,Rating 2,-1.0
3121,R_W0SnRPqrss39JnP,Anxiety,Accept,Robot,Rating 2,0.0
3123,R_W27sMpKW8JpTjAB,Schizophrenia,Force,Robot,Rating 2,-3.0
3125,R_W2sfvr6wyahmPsJ,Anxiety,Force,Robot,Rating 2,0.0
3126,R_W6BKomCL38moUYp,Schizophrenia,Force,Human,Rating 2,-2.0
3128,R_WwaNsYWYFurgXAd,Anxiety,Force,Human,Rating 2,-3.0
3130,R_XBvGMbdmuExmANj,Schizophrenia,Accept,Human,Rating 2,-3.0
3133,R_XNQNSZvZtdOvGPn,Anxiety,Force,Robot,Rating 2,-3.0
3134,R_XOn2UF8Pi99FVhT,Schizophrenia,Accept,Human,Rating 2,0.0
3136,R_Xq5g3wbvoSCSEyl,Anxiety,Accept,Human,Rating 2,-3.0
3139,R_XyXSMAOFnChzhf3,Schizophrenia,Accept,Robot,Rating 2,1.0
3141,R_XzlcJ2nha8OniQp,Anxiety,Accept,Robot,Rating 2,0.0
3143,R_YY1ORi59iIpfGpj,Schizophrenia,Force,Robot,Rating 2,-2.0
3144,R_YbooIcF26B1M2Rj,Anxiety,Accept,Human,Rating 2,-1.0
3146,R_Z4NWKyVntTtBczL,Anxiety,Accept,Human,Rating 2,-1.0
3149,R_ZHNViZwGVWY527f,Anxiety,Accept,Robot,Rating 2,1.0
3150,R_ZIcMC9KS2gW22dz,Schizophrenia,Force,Human,Rating 2,-3.0
3153,R_ZJI7ONlvZErkotH,Schizophrenia,Force,Robot,Rating 2,3.0
3154,R_a5YIoiiUKasJ8Yx,Schizophrenia,Force,Human,Rating 2,2.0
3156,R_b3Yc5zGuG5H0JS9,Schizophrenia,Force,Human,Rating 2,-3.0
3158,R_b3ma9QeiVaYg705,Anxiety,Force,Human,Rating 2,-3.0
3161,R_bOzpIKrA1pZzLs5,Anxiety,Force,Robot,Rating 2,-3.0
3163,R_bPiMXVpYwJxzt6x,Anxiety,Force,Robot,Rating 2,-3.0
3164,R_bg9W8MRm0hVaGrf,Schizophrenia,Force,Human,Rating 2,1.0
3167,R_bgqT0CxiPH0AnrX,Anxiety,Force,Robot,Rating 2,-3.0
3169,R_cO0idO9fXH18ORj,Schizophrenia,Force,Robot,Rating 2,0.0
3170,R_cu5gMW6ULr2Z9M5,Anxiety,Force,Human,Rating 2,-3.0
3173,R_d1gZiMKoliVrLwJ,Schizophrenia,Force,Robot,Rating 2,0.0
3174,R_d5vh9NjLxfc8ZW1,Schizophrenia,Force,Human,Rating 2,-1.0
3177,R_d7lbIBkfFZ81vON,Schizophrenia,Force,Robot,Rating 2,0.0
3178,R_dbw3rjmI2eMDvm9,Anxiety,Accept,Human,Rating 2,0.0
3181,R_dc0YD5fVQ9xO121,Schizophrenia,Accept,Robot,Rating 2,2.0
3182,R_difKL8Tg3iZ7sMV,Anxiety,Force,Human,Rating 2,-3.0
3185,R_eOSppj7eBaIGcA9,Anxiety,Force,Robot,Rating 2,3.0
3186,R_eQkucrsLqZmBHO1,Schizophrenia,Accept,Human,Rating 2,1.0
3189,R_ehrRMhmodKmKVJD,Schizophrenia,Accept,Robot,Rating 2,0.0
3191,R_em40yTDoAv36YSZ,Anxiety,Accept,Robot,Rating 2,2.0
3193,R_emJhxJR6699uuop,Schizophrenia,Force,Robot,Rating 2,-1.0
3194,R_oYyN5w9rD38PQ3f,Anxiety,Force,Human,Rating 2,0.0
3196,R_p44Q4bJqDCqCCXf,Anxiety,Force,Human,Rating 2,-3.0
3199,R_p9KFAOtfKPHytjj,Schizophrenia,Force,Robot,Rating 2,1.0
3200,R_pRF4oyeqIQedkS5,Schizophrenia,Accept,Human,Rating 2,-3.0
3203,R_pawB1SVOd029Lax,Anxiety,Force,Robot,Rating 2,-1.0
3204,R_qEOcdU7mPy9iGSB,Schizophrenia,Accept,Human,Rating 2,0.0
3207,R_qI2VUAo9wpdYtvr,Schizophrenia,Force,Robot,Rating 2,2.0
3208,R_qQtyGXXEs7txst3,Anxiety,Accept,Human,Rating 2,-2.0
3211,R_qRbp0ymcS9nDVAJ,Anxiety,Accept,Robot,Rating 2,1.0
3212,R_qXH6Pzb1ZzW1nJD,Anxiety,Force,Human,Rating 2,-3.0
3214,R_r1GtgZ5Ye1rF3mV,Anxiety,Accept,Human,Rating 2,3.0
3216,R_r1MLAWSAX2ECBkB,Anxiety,Force,Human,Rating 2,0.0
3219,R_r2vXxO0OyeBinLz,Anxiety,Force,Robot,Rating 2,-1.0
3220,R_r3CFS8J5ehHHQKR,Schizophrenia,Accept,Human,Rating 2,-3.0
3223,R_r3IOz52bZieg0XT,Schizophrenia,Accept,Robot,Rating 2,0.0
3225,R_r3Is1M6WvRClTnr,Anxiety,Accept,Robot,Rating 2,-2.0
3227,R_r9jP1xleVZGQrT3,Schizophrenia,Force,Robot,Rating 2,0.0
3229,R_rjeA73iR3MOpma5,Anxiety,Force,Robot,Rating 2,0.0
3231,R_sBxFZJpuugEhYsN,Schizophrenia,Force,Robot,Rating 2,0.0
3233,R_sC2ltYOk5z8XTgt,Schizophrenia,Force,Robot,Rating 2,3.0
3234,R_sEWUtJGoKEdVkmR,Anxiety,Force,Human,Rating 2,-3.0
3236,R_sGYazVDcG8L2NSF,Anxiety,Force,Human,Rating 2,-2.0
3238,R_sHg0EHIQIXK55F7,Anxiety,Force,Human,Rating 2,-3.0
3240,R_sLu5mllvXbrmYU1,Anxiety,Accept,Human,Rating 2,3.0
3243,R_sU6xYNEmnDv5rhL,Anxiety,Force,Robot,Rating 2,2.0
3245,R_svdLL55eUWEl3UJ,Schizophrenia,Accept,Robot,Rating 2,-3.0
3247,R_tDLyUp0Ef7E0MpP,Anxiety,Force,Robot,Rating 2,-3.0
3248,R_tETyvchA5Ti2Amd,Anxiety,Force,Human,Rating 2,-2.0
3251,R_tYYEn7uGPJ31SGl,Anxiety,Force,Robot,Rating 2,0.0
3253,R_ugImRMYCcQwVQ3v,Anxiety,Force,Robot,Rating 2,-3.0
3255,R_ujZPonCOmDkRJPr,Schizophrenia,Force,Robot,Rating 2,1.0
3256,R_ulSHCXeLuNkWAal,Anxiety,Accept,Human,Rating 2,0.0
3259,R_um4rMuKyfF6NVRL,Anxiety,Force,Robot,Rating 2,-2.0
3260,R_uvKDanPRzuqCXap,Anxiety,Force,Human,Rating 2,-1.0
3262,R_uyz80jk6GHit105,Schizophrenia,Accept,Human,Rating 2,2.0
3265,R_uzaUwXWK4JzDNy9,Schizophrenia,Force,Robot,Rating 2,0.0
3266,R_vAKws0CZnDf9jRT,Anxiety,Accept,Human,Rating 2,0.0
3269,R_vITlrDUWYh0VAIh,Schizophrenia,Accept,Robot,Rating 2,0.0
3270,R_vJEnbhD4Q7Kz2H7,Anxiety,Accept,Human,Rating 2,-3.0
3272,R_vJn5laUn47IUXbH,Anxiety,Accept,Human,Rating 2,-2.0
3274,R_vdaIASRMxCPq9qh,Anxiety,Accept,Human,Rating 2,3.0
3276,R_vkMRZzn06meiSTD,Schizophrenia,Accept,Human,Rating 2,-2.0
3278,R_vwYqYEMXDSiK1Oh,Schizophrenia,Accept,Human,Rating 2,0.0
3280,R_w02azCdfzG4zfwZ,Schizophrenia,Force,Human,Rating 2,0.0
3282,R_w60zTFob2EQc65P,Anxiety,Force,Human,Rating 2,3.0
3285,R_wNWp3MTCoC4w1bP,Anxiety,Accept,Robot,Rating 2,-1.0
3287,R_wNrVgjc82hthWbD,Anxiety,Accept,Robot,Rating 2,2.0
3289,R_wSuapJ9j8ATZIpr,Anxiety,Force,Robot,Rating 2,-2.0
3291,R_x5VOXxUlSbotYpH,Schizophrenia,Accept,Robot,Rating 2,0.0
3292,R_xG8dA49zR74Lr5n,Schizophrenia,Force,Human,Rating 2,-3.0
3294,R_xiwiEPwIa9qqbkJ,Anxiety,Force,Human,Rating 2,-3.0
3297,R_xt5BuxEpUpH9CFj,Anxiety,Force,Robot,Rating 2,-2.0
3298,R_xyePAXvvvGi7LYR,Anxiety,Force,Human,Rating 2,3.0
3301,R_yDNSl9YbTs2Dty9,Schizophrenia,Accept,Robot,Rating 2,0.0
3303,R_yIqOifnxRY76aMp,Schizophrenia,Accept,Robot,Rating 2,-1.0
3305,R_yWnN1IkN4KDK56p,Schizophrenia,Accept,Robot,Rating 2,0.0
3307,R_yyFe9DPqoFuEBSV,Anxiety,Accept,Robot,Rating 2,0.0
3309,R_z2xahg1DCflDLXz,Schizophrenia,Force,Robot,Rating 2,-1.0
3310,R_zZIpw1UU7Krzm1P,Schizophrenia,Accept,Human,Rating 2,-1.0
3312,R_zZLedrldXjo5NTj,Anxiety,Force,Human,Rating 2,0.0
3314,R_zeB5ajw2DcCrEoF,Anxiety,Accept,Human,Rating 2,-2.0
